project_id,project_name,endpoint_name,best_match,lat,lon,confidence,flags,candidates,description,override_lat,override_lon
DESC_6,Burton-St Helena 115kV: Rebuild Burton-Frogmore Transmission Section,St Helena,"OSM way/489247836 ""St. Stephen Dam"" @ 33.426471,-79.929523",,,not_found,WEAK_NAME_MATCH(40),"OSM way/489247836 ""St. Stephen Dam"" @ 33.426471,-79.929523 | St. Stephen Dam @ 33.426,-79.930",Replace wooden structures with Self Supporting Steel Structures and restring with 1272 ACSR conductor for the Burton – Frogmore Transmission section.,,
DESC_7,Burton-St Helena 115kV: Frogmore Distribution - St Helena,St Helena,"OSM way/489247836 ""St. Stephen Dam"" @ 33.426471,-79.929523",,,not_found,WEAK_NAME_MATCH(40),"OSM way/489247836 ""St. Stephen Dam"" @ 33.426471,-79.929523 | St. Stephen Dam @ 33.426,-79.930",Replace wooden structures with Self Supporting Steel Structures and upgrade to 795 ACSR for the Frogmore Distribution Tap – St. Helena section.,,
DESC_14,Stevens Creek - Hooks 115kV/LR Plumb Branch 46kV Rebuilds,Stevens Creek,"OSM way/52102616 ""Stevens Creek Dam Substation""",33.561618,-82.053294,medium,,"Stevens Creek Dam Substation @ 33.562,-82.053 | Stevens Crossroads Switching Station @ 32.993,-80.879",9.5 miles. Scope includes rebuilding the 115 and 46 kV lines in this corridor SPDC.,,
DESC_14,Stevens Creek - Hooks 115kV/LR Plumb Branch 46kV Rebuilds,Hooks,,,,not_found,NO_NAME_MATCH,,9.5 miles. Scope includes rebuilding the 115 and 46 kV lines in this corridor SPDC.,,
DESC_15,Stevens Creek - Hooks 115kV/LR Plumb Branch 46kV,Stevens Creek,"OSM way/52102616 ""Stevens Creek Dam Substation""",33.561618,-82.053294,medium,,"Stevens Creek Dam Substation @ 33.562,-82.053 | Stevens Crossroads Switching Station @ 32.993,-80.879",Upgrade 6.5 miles of aging conductor with 1272 ACSR and rebuild with SPDC.,,
DESC_15,Stevens Creek - Hooks 115kV/LR Plumb Branch 46kV,Hooks,,,,not_found,NO_NAME_MATCH,,Upgrade 6.5 miles of aging conductor with 1272 ACSR and rebuild with SPDC.,,
DESC_23,Jasper – Okatie 230 kV #2: Construct,Jasper,"OSM way/185380597 ""Jasper Substation""",32.360699,-81.124152,medium,,"Jasper Substation @ 32.361,-81.124",Construct a 230 kV line with B1272 ACSR from Jasper to Okatie 230/115kV Substation. The line is estimated to be 6.5 miles long. This makes Jasper a Medium Impact substation and will require a new CIP Hut.,,
DESC_26,VCS2-Ward 230kV: Rebuild Line,VCS2,,,,not_found,NO_NAME_MATCH,,Rebuild 40 miles of 230 kV line.,,
DESC_26,VCS2-Ward 230kV: Rebuild Line,Ward,"OSM way/185197506 ""Ward Substation""",33.87218,-81.697723,medium,,"Ward Substation @ 33.872,-81.698",Rebuild 40 miles of 230 kV line.,,
DESC_31,Hooks - Thurmond 115kV Tie: Rebuild,Hooks,,,,not_found,NO_NAME_MATCH,,"Rebuilding section of line between Hooks and Thurmond. Approximately 2.3 miles. The line will be rebuilt on existing R/W using steel poles, 115 kV insulation, and 1272 ACSR conductor.",,
DESC_31,Hooks - Thurmond 115kV Tie: Rebuild,Thurmond,"OSM way/52102019 ""Thurmond Substation""",33.660127,-82.195931,medium,,"Thurmond Substation @ 33.660,-82.196","Rebuilding section of line between Hooks and Thurmond. Approximately 2.3 miles. The line will be rebuilt on existing R/W using steel poles, 115 kV insulation, and 1272 ACSR conductor.",,
DESC_35,Urquhart – Toolebeck 115kV line: Rebuild,Urquhart,"OSM relation/14317637 ""Urquhart Substation""",33.43287,-81.911081,medium,,"Urquhart Substation @ 33.433,-81.911",Upgrade the 477 ACSR portions of the Urquhart – Toolebeck 115 kV line to 1272 ACSR. Replace existing structures with Single Pole Double Circuit Structures. Approximately 12.5 miles.,,
DESC_35,Urquhart – Toolebeck 115kV line: Rebuild,Toolebeck,"OSM way/1073259467 ""Toolebeck Substation""",33.534632,-81.669327,medium,,"Toolebeck Substation @ 33.535,-81.669",Upgrade the 477 ACSR portions of the Urquhart – Toolebeck 115 kV line to 1272 ACSR. Replace existing structures with Single Pole Double Circuit Structures. Approximately 12.5 miles.,,
DESC_43,Urquhart – Aiken PSA 46 kV: Rebuild,Urquhart,"OSM relation/14317637 ""Urquhart Substation""",33.43287,-81.911081,medium,,"Urquhart Substation @ 33.433,-81.911",Rebuilding the section of 46 kV line from Urquhart to the Aiken PSA tap point. TBD if the scope of this project includes rebuilding the actual tap Aiken PSA. 4.5 miles.,,
DESC_43,Urquhart – Aiken PSA 46 kV: Rebuild,Aiken PSA,,,,not_found,NO_NAME_MATCH,,Rebuilding the section of 46 kV line from Urquhart to the Aiken PSA tap point. TBD if the scope of this project includes rebuilding the actual tap Aiken PSA. 4.5 miles.,,
GPC_19523,SAV: CC - HYUNDAI MOTORS SAVANNAH AKA. PROJECT EA,HYUNDAI MOTORS SAVANNAH AKA. PROJECT EA,"OSM way/1458221220 ""Hyundai Motors Substation"" @ 32.166622,-81.460932",,,not_found,WEAK_NAME_MATCH(54),"OSM way/1458221220 ""Hyundai Motors Substation"" @ 32.166622,-81.460932 | Hyundai Motors Substation @ 32.167,-81.461",Construct a new Hyundai 230kV substation with an eight element 230kV ring bus and four 230/25kV banks. Construct a new Newton Rd 230kV substation with a five element 230kV ring bus and loop through the Little Ogeechee - Meldrim Black and White 230kV lines. Build two new 230kV lines connecting from H,,
GPC_16007,FENWICK STREET - SAND BAR FERRY 115KV (RECONDUCTOR/REBUILD),FENWICK STREET,"OSM way/387268950 ""15th Street Substation"" @ 33.480019,-81.984809",,,not_found,WEAK_NAME_MATCH(52),"OSM way/387268950 ""15th Street Substation"" @ 33.480019,-81.984809 | 15th Street Substation @ 33.480,-81.985",Reconductor approximately 2.72 miles of transmission line from Fenwick St to East Augusta Jct. with 100C 1351 ACSR conductor.,,
GPC_16007,FENWICK STREET - SAND BAR FERRY 115KV (RECONDUCTOR/REBUILD),SAND BAR FERRY,,,,not_found,NO_NAME_MATCH,,Reconductor approximately 2.72 miles of transmission line from Fenwick St to East Augusta Jct. with 100C 1351 ACSR conductor.,,
GPC_19966,SAV: CC - BIG OGEECHEE 500/230KV (CC NETWORK IMPROVEMENTS),BIG OGEECHEE,"OSM way/121701191 ""Little Ogeechee Substation"" @ 32.006786,-81.253151",,,not_found,WEAK_NAME_MATCH(74),"OSM way/121701191 ""Little Ogeechee Substation"" @ 32.006786,-81.253151 | Little Ogeechee Substation @ 32.007,-81.253","Construct a new substation near Little Ogeechee, adjacent to the 500kV and 230kV shared right of way for McCall Road - Thalmann 500kV and the Little Ogeechee - Meldrim 230kV Black and White lines. The new substation will loop in the existing McCall Road - Thalmann 500kV line, the existing Little Oge",,
GPC_20277,SAV: MCINTOSH - PURRYSBURG 230KV REACTORS,PURRYSBURG,,,,not_found,NO_NAME_MATCH,,Install reactors on the McIntosh - Purrysburg (Black and White) 230kV tie lines at McIntosh. Rebuild 0.1 miles (GPC portion) for both lines to (2) 200C 1351 ACSS conductor.,,
GPC_20407,SAV: MAGNOLIA - TRUMAN PARKWAY 115KV REBUILD,TRUMAN PARKWAY,,,,not_found,NO_NAME_MATCH,,Rebuild 3 miles of the Magnolia - Truman Parkway 115kV from 75C 927 ACAR to 200C 1351 ACSS Martin conductor or higher rated conductor. Upgrade 1200A switches at Magnolia substation to 2000A switches and jumpers at Truman Parkway.,,
GPC_20989,SAV: RICE HOPE NEW AUTO TRANSFORMER,RICE HOPE NEW AUTO,,,,not_found,ONLY_FAR_MATCHES,New Hope Rd (351 km from Savannah area),Install a new 230/115kV 400MVA auto transformer at Rice Hope and loop in the Crossgate - McIntosh 230kV line.,,
GPC_19996,GOLDENS CREEK - WARRENTON PRIMARY 230KV REBUILD,GOLDENS CREEK,,,,not_found,ONLY_FAR_MATCHES,Bay Creek Substation (179 km from Augusta area) | Cay Creek Substation (193 km from Augusta area) | Ivy Creek Substation (194 km from Augusta area),Rebuild approximately 0.34 miles of the Goldens Creek - Warrenton Primary 230kV line from 100C 1 - 1351.5 ACSR Martin conductor to 200C 1351 ACCR Martin conductor or equivalent.,,
GPC_19996,GOLDENS CREEK - WARRENTON PRIMARY 230KV REBUILD,WARRENTON PRIMARY,"OSM way/1046106639 ""East Warrenton Substation"" @ 33.387299,-82.636394",,,not_found,WEAK_NAME_MATCH(78),"OSM way/1046106639 ""East Warrenton Substation"" @ 33.387299,-82.636394 | East Warrenton Substation @ 33.387,-82.636 | Trenton Substation @ 33.751,-81.880",Rebuild approximately 0.34 miles of the Goldens Creek - Warrenton Primary 230kV line from 100C 1 - 1351.5 ACSR Martin conductor to 200C 1351 ACCR Martin conductor or equivalent.,,
GPC_19995,TALLULAH LODGE - TOCCOA 115 KV REBUILD,TALLULAH LODGE,,,,not_found,NO_NAME_MATCH,,Rebuild the Tallulah Lodge - Toccoa 115kV Line with 100C 795 ACSR conductor (total of 10.3 miles). Replace limiting elements at Tallulah Lodge and Toccoa.,,
GPC_19995,TALLULAH LODGE - TOCCOA 115 KV REBUILD,TOCCOA,"OSM way/52440914 ""Toccoa Primary Substation""",34.580946,-83.352734,low,AMBIGUOUS_NAME,"Toccoa Primary Substation @ 34.581,-83.353 | Toccoa River Substation @ 34.887,-84.284",Rebuild the Tallulah Lodge - Toccoa 115kV Line with 100C 795 ACSR conductor (total of 10.3 miles). Replace limiting elements at Tallulah Lodge and Toccoa.,,
GPC_20756,HATCH - WADLEY 500 KV LINE STRATEGIC PROJECT,HATCH,,,,not_found,ONLY_FAR_MATCHES,Hatch Nuclear Plant Substation (174 km from Augusta area) | Edwin I Hatch (174 km from Augusta area) | Hatch Site Substation #1 (174 km from Augusta area),Construct a new 500kV line from Hatch - Wadley Primary.,,
GPC_20756,HATCH - WADLEY 500 KV LINE STRATEGIC PROJECT,WADLEY,,,,not_found,ONLY_FAR_MATCHES,Wadley Substation (75 km from Augusta area) | South Wadley Substation (78 km from Augusta area) | Wadley #4 Substation (82 km from Augusta area),Construct a new 500kV line from Hatch - Wadley Primary.,,
