id,teams,zone,year,sponsor,included,name,table_name,detail_title,table_need_date,need_date,start_date,page,has_detail,flags,description
GPC_19523,19523,219,2025,SAV,True,SAV: CC - HYUNDAI MOTORS SAVANNAH AKA. PROJECT EA,SAV: CC - HYUNDAI MOTORS SAVANNAH AKA. PROJECT EA,SAV: CC - HYUNDAI MOTORS SAVANNAH AKA. PROJECT EA,2025-01-01,2025-04-25,2022-06-01,231,True,DATE_MISMATCH,"Construct a new Hyundai 230kV substation with an eight element 230kV ring bus and four 230/25kV banks. Construct a new Newton Rd 230kV substation with a five element 230kV ring bus and loop through the Little Ogeechee - Meldrim Black and White 230kV lines. Build two new 230kV lines connecting from Hyundai - Newton Rd (12 miles) and Hyundai - Meldrim (10 miles). At Meldrim, add a breaker to accommodate for the new Hyundai line. Install a 115/25kV bank at Interstate Centre and build a new 115kV line from Interstate Centre - Hyundai (2.3 miles) for bridge power."
GPC_18670,18670,212,2025,GTC,False,GTC: BANKS CROSSING - POND FORK 115 KV,GTC: BANKS CROSSING - POND FORK 115 KV,GTC: BANKS CROSSING - POND FORK 115 KV,2025-05-01,2025-05-01,2021-06-01,232,True,,GTC will build a new 115kV line from McClure Industrial to structure 21N on the Ridgeway Church Road Junction or tap point (approximately 3 miles). Close normally open switch at Ridgeway Church Road to establish the Banks Crossing - Pond Fork 115kV line. All new conductors should be 100C 1351 ACSR Martin.
GPC_18492,18492,216,2025,GPC,True,MITCHELL - NORTH TIFTON 230KV RECONDUCTOR,MITCHELL - NORTH TIFTON 230KV RECONDUCTOR,MITCHELL - NORTH TIFTON 230KV RECONDUCTOR,2025-05-01,2025-05-01,2021-12-31,233,True,,Rebuild 35.21 miles of the Mitchell - North Tifton 230kV line from 100C 795 ACSR to 100C 1351 ACSR.
GPC_19676,19676,206,2025,GPC,True,ADAMSVILLE - JACK MCDONOUGH 230KV LINE REBUILD,ADAMSVILLE - JACK MCDONOUGH 230KV LINE REBUILD,ADAMSVILLE - JACK MCDONOUGH 230KV LINE REBUILD,2025-06-01,2025-06-01,2023-06-01,234,True,,Rebuild the entire 6.1 mile Adamsville - Jack McDonough 230kV line with 160C 1351 ACSS.
GPC_18800,18800,214,2025,GPC,True,ECHECONNEE-WELLSTON 115KV REBUILD,ECHECONNEE-WELLSTON 115KV REBUILD,ECHECONNEE-WELLSTON 115KV REBUILD,2025-06-01,2025-06-01,2024-01-01,235,True,,Rebuild the South Warner Robins to Wellston section (1.2 miles) with 100C 1351.5 ACSR Martin conductor.
GPC_19187,19187,211,2025,GPC,True,GRID - BREMEN - CROOKED CREEK (APC) 115 KV PROJECT,GRID - BREMEN - CROOKED CREEK (APC) 115 KV PROJECT,GRID - BREMEN - CROOKED CREEK (APC) 115 KV PROJECT,2025-06-01,2025-06-01,2021-09-01,236,True,,"Rebuild from Bremen to Indian Creek Road, on the Bremen - Crooked Creek 115kV line (14 miles), using 795 ACSR conductor at 100C."
GPC_18153,18153,214,2025,GTC,False,GTC: BONAIRE PRI-ECHECONNEE 115 KV PARTIAL REBUILD,GTC: BONAIRE PRI- ECHECONNEE 115 KV PARTIAL REBUILD,GTC: BONAIRE PRI-ECHECONNEE 115 KV PARTIAL REBUILD,2025-06-01,2025-06-01,2023-01-01,237,True,,Rebuild 2.3 miles of the Bonaire Primary - Echeconnee 115kV line with 100C ACSR 795 conductor.
GPC_20342,20342,218,2025,GTC,False,GTC: CAMDEN INDUSTRIAL PARK 230/115KV NEW SUBSTATION,GTC: CAMDEN INDUSTRIAL PARK 230/115KV NEW SUBSTATION,GTC: CAMDEN INDUSTRIAL PARK 230/115KV NEW SUBSTATION,2025-06-01,2025-06-01,2024-01-01,238,True,,"GTC will construct a new 230/115kV substation with a three element 230kV ring bus, two element 115kV ring bus, and one new 230/115kV 400MVA transformer. A new 115kV line to Kinlaw substation will be built also."
GPC_20590,20590,214,2025,GTC,False,GTC: EATONTON PRIMARY - LICK CREEK 115KV LINE SWITCH REPLACEMENT,GTC: EATONTON PRIMARY - LICK CREEK 115KV LINE SWITCH REPLACEMENT,GTC: EATONTON PRIMARY - LICK CREEK 115KV LINE SWITCH REPLACEMENT,2025-06-01,2025-06-01,2023-12-01,239,True,,Replace a 1200A RLB line switch on the Eatonton - Lake Oconee 115kV line with a with motor operator and SCADA controls. This switch is located on GTC's Eatonton Primary - Lick Creek 115kV section of the Eatonton Primary - Lake Oconee 115kV Line.
GPC_11821,11821,218,2025,GPC,True,JESUP - LUDOWICI PRIMARY 115KV REBUILD,JESUP - LUDOWICI PRIMARY 115KV REBUILD,JESUP - LUDOWICI PRIMARY 115KV REBUILD,2025-06-01,2025-06-01,2023-06-01,240,True,,Rebuild approximately 7.5 miles of the Jesup - North Jesup - Rayonier section of the Jesup - Ludowici Primary 115kV line from 100C 336.4 ACSR Linnet conductor to 100C 795 ACSR Drake conductor.
GPC_13753,13753,206,2025,MEAG,False,MEAG: ALCOVY ROAD - SKC 115 KV RECONDUCTOR,MEAG: ALCOVY ROAD - SKC 115 KV RECONDUCTOR,MEAG: ALCOVY ROAD - SKC 115 KV RECONDUCTOR,2025-06-01,2025-06-01,2023-06-01,241,True,,MEAG will reconductor approximately 0.53 miles of 100C 336 ACSR conductor with 100C 1033 ACSR conductor from Alcovy Road to Alcovy Road Jct. on the Alcovy Road - SKC 115kV line.
GPC_13787,13787,214,2025,MEAG,False,MEAG: AULTMAN ROAD - BONAIRE PRIMARY 115 KV REBUILD,MEAG: AULTMAN ROAD - BONAIRE PRIMARY 115 KV REBUILD,MEAG: AULTMAN ROAD - BONAIRE PRIMARY 115 KV REBUILD,2025-06-01,2025-06-01,2023-06-01,242,True,,MEAG: Rebuild approximately 1.99 miles of Sleepy Hollow - Peach Blossom 115kV section of the Aultman Road - Bonaire Primary 115kV line from 100C 336 ACSR to 100C 795 ACSR. GTC: Replace the jumpers at Sleepy Hollow with 1590 AAC.
GPC_20464,20464,202,2025,GPC,True,NORCROSS 230KV BUS 1-3 SERIES BUS TIE BREAKER INSTALLATION,NORCROSS 230KV BUS 1-3 SERIES BUS TIE BREAKER INSTALLATION,NORCROSS 230KV BUS 1-3 SERIES BUS TIE BREAKER INSTALLATION,2025-06-01,2025-06-01,2023-11-01,243,True,,Install a bus tie breaker in series with existing bus tie breaker between 230kV Bus 1 and Bus 3 at Norcross.
GPC_19631,19631,216,2025,GPC,True,PINE GROVE PRIMARY 115 KV DUAL STAGE CAPACITOR BANK,PINE GROVE PRIMARY 115 KV DUAL STAGE CAPACITOR BANK,PINE GROVE PRIMARY 115 KV DUAL STAGE CAPACITOR BANK,2025-06-01,2025-06-01,2023-11-01,244,True,,Install a Dual Stage 30MVAR capacitor bank at Pine Grove Primary.
GPC_20067,20067,219,2025,SAV,True,SAV: DEPTFORD - MAGNOLIA 115KV RECONDUCTOR,SAV: DEPTFORD - MAGNOLIA 115KV RECONDUCTOR,SAV: DEPTFORD - MAGNOLIA 115KV RECONDUCTOR,2025-06-01,2025-06-01,2023-01-01,245,True,,Reconductor the Deptford - Magnolia 115kV line (approximately 5 miles) using 973.1 C7 ACCS (Everglades) conductor and upgrade the Deptford main bus.
GPC_20466,20466,214,2025,GPC,True,SMART VALVE INSTALLATION,SMART VALVE INSTALLATION,SMART VALVE INSTALLATION,2025-06-01,2025-06-01,2023-10-01,246,True,,Installation of Smart Valve devices inside the Eatonton Primary substation on the Branch - Oasis 230kV and Eatonton Primary - Oasis 230kV lines.
GPC_21046,21046,218,2025,GPC,True,THALMANN AND COLERAIN 23O KV LINE RELAY PANEL UPGRADES,THALMANN AND COLERAIN 23O KV LINE RELAY PANEL UPGRADES,THALMANN AND COLERAIN 23O KV LINE RELAY PANEL UPGRADES,2025-06-01,2025-06-01,2024-12-01,214,True,,Relay protection modifications at GPC's Thalmann and Colerain substations to match relay scheme used at GTC's new Camden Industrial Park 230/115kV substation.
GPC_20431,20431,211,2025,GPC,True,VILLA RICA LOW SIDE BREAKER,VILLA RICA LOW SIDE BREAKER,VILLA RICA LOW SIDE BREAKER,2025-06-01,2025-06-01,2024-06-01,247,True,,Replace a low side breaker at Villa Rica with a 4000A breaker.
GPC_20684,20684,218,2025,GPC,True,CAMDEN INDUSTRIAL PARK (GPC),CAMDEN INDUSTRIAL PARK (GPC),CAMDEN INDUSTRIAL PARK (GPC),2025-06-01,2025-06-30,2024-01-01,248,True,DATE_MISMATCH,This project will loop in GPC's existing Colerain to Thalman 230kV line into GTC's new Camden Industrial Park station. GPC's Kingsland termination at GTC's Kinlaw sub will be relocated to a new 115kV bay position.
GPC_18774,18774,213,2025,GTC,False,GTC: HEARD COUNTY - TENASKA 500KV (SECOND LINE),GTC: HEARD COUNTY - TENASKA 500KV (SECOND LINE),GTC: HEARD COUNTY - TENASKA 500KV (SECOND LINE),2025-12-01,2025-12-01,2021-12-01,249,True,,"GTC: Build a second Heard County - Tenaska 500kV line, 0.8 miles, with 100C (3) 1113 ACSR Bluejay conductors. Add a 500kV breaker at Heard County. GPC: Add a 500kV breaker at Tenaska."
GPC_18889,18889,206,2025,GPC,True,JEFFERSON STREET#3 - NORTHWEST (WHITE) 115 KV RECONDUCTOR,JEFFERSON STREET#3 - NORTHWEST (WHITE) 115 KV RECONDUCTOR,JEFFERSON STREET#3 - NORTHWEST (WHITE) 115 KV RECONDUCTOR,2025-12-01,2025-12-01,2024-01-01,250,True,,Rebuild the 115kV White line from Northwest to Jefferson Street #3 (1.2 miles) with 200C 1351 ACSS conductor.
GPC_20326,20326,212,2025,GPC,True,ANTHONY SHOALS STATCOM SYSTEM,ANTHONY SHOALS STATCOM SYSTEM,ANTHONY SHOALS STATCOM SYSTEM,2025-12-31,2025-12-31,2023-08-04,215,True,,Install a + 150 / - 150 MVAR turnkey STATCOM system at Anthony Shoals 230kV substation.
GPC_20152,20152,211,2025,GPC,True,CC - CASS PINE- HILL VIEW 230 KV LINE- CC IMPROVEMENTS,CC - CASS PINE- HILL VIEW 230 KV LINE- CC IMPROVEMENTS,CC - CASS PINE- HILL VIEW 230 KV LINE- CC IMPROVEMENTS,2025-12-31,2025-12-31,2023-06-01,251,True,,Build a new 7.58 mile 200C 1351 ACSS conductor 230kV line between new Cass Pine and Hill View 230kV substations.
GPC_20175,20175,211,2025,GPC,True,CC - PROJECT CHRONOS- SK/HYUNDAI,CC - PROJECT CHRONOS- SK/HYUNDAI,CC - PROJECT CHRONOS- SK/HYUNDAI,2025-12-31,2025-12-31,2023-07-31,252,True,,GPC will build a 230/25kV station named Two Run Ranch and loop it into the Cartersville - Pinson 230kV line to serve SK Battery/Hyundai and new load in the area.
GPC_20010,20010,215,2025,GTC,False,GTC: ANTHONY SHOALS - WASHINGTON 115 KV LINE REBUILD,GTC: ANTHONY SHOALS - WASHINGTON 115 KV LINE REBUILD,GTC: ANTHONY SHOALS - WASHINGTON 115 KV LINE REBUILD,2025-12-31,2025-12-31,2024-01-01,253,True,,Rebuild 21 miles of the Double Branches Junction - Washington 115kV line section with 100C 795 ACSR conductor or higher rated conductor.
GPC_17075,17075,219,2025,SAV,True,SAV: LITTLE OGEECHEE 230-115KV: RELAY MODERNIZATION,SAV: LITTLE OGEECHEE 230- 115KV: RELAY MODERNIZATION,SAV: LITTLE OGEECHEE 230-115KV: RELAY MODERNIZATION,2025-12-31,2025-12-31,2022-06-01,216,True,,Relay modernization with conversion of the 230kV ring bus to BAAH topology and addition of BAAH rung for Big Ogeechee - Little Ogeechee (Red) 230kV Line. Rebuild 115kV straight bus to BAAH design.
GPC_18691,18691,216,2026,GTC,False,GTC: LIZARD LOPE - WESTOVER 115 KV NEW LINE,GTC: LIZARD LOPE - WESTOVER 115 KV NEW LINE,GTC: LIZARD LOPE - WESTOVER 115 KV NEW LINE,2026-03-01,2026-03-01,2021-06-01,254,True,,"Construct two new 115kV stations, Lizard Lope and Westover, and build a new 19.8 miles of 115kV line from Lizard Lope to Gillionville"
GPC_20018,20018,208,2026,GPC,True,CC - QTS FAYETTEVILLE TRANSMISSION NEEDS,CC - QTS FAYETTEVILLE TRANSMISSION NEEDS,CC - QTS FAYETTEVILLE TRANSMISSION NEEDS,2026-04-01,2026-04-01,2023-06-01,255,True,,"Build a new 500/230kV substation (Ashley Park) splitting the Ohara - Union City 500kV line. Install two 500/230kV auto transformers at the Ashley Park station. At Ashley Park, the 500kV side will be a 4 - breaker ring bus, while the 230kV side will be a 2 - rung Breaker and a Half configuration. Build two new 230kV lines (~6 miles each) from Ashley Park to the high side of customer substations. The new lines will be built with bundled 200C 1351 ACSS Martin conductor."
GPC_19597,19597,208,2026,GPC,True,ADAMSVILLE - BUZZARD ROOST 230KV REBUILD AND JUMPER UPGRADE,ADAMSVILLE - BUZZARD ROOST 230KV REBUILD AND JUMPER UPGRADE,ADAMSVILLE - BUZZARD ROOST 230KV REBUILD AND JUMPER UPGRADE,2026-06-01,2026-06-01,2024-06-01,256,True,,Rebuild the line sections from Adamsville to Boat Rock Road (8.08 miles) on the Adamsville - Buzzard Roost 230kV line with 200C 1351 ACSS Martin conductor. Replace the AAC 750 jumper on the line at Adamsville with (2) 1590 AAC jumper. Replace 1590 AAC jumpers at Bakers Ferry and Boat Rock with (2) 1590 AAC jumpers. Replace 1600A line switches at Boat Rock with 3000A switches.
GPC_18960,18960,201,2026,GPC,True,BLANKETS CREEK – WOODSTOCK 115KV LINE REBUILD,BLANKETS CREEK – WOODSTOCK 115KV LINE REBUILD,BLANKETS CREEK – WOODSTOCK 115KV LINE REBUILD,2026-06-01,2026-06-01,2025-06-01,257,True,,"Rebuild the entire Blankets Creek - Woodstock 115kV line, approximately 7.1 miles, with 200C 795 ACSS conductor."
GPC_20243,20243,201,2026,GPC,True,CC - GARRETT ROAD SWITCHING STATION - TRAE LANE,CC - GARRETT ROAD SWITCHING STATION - TRAE LANE,CC - GARRETT ROAD SWITCHING STATION - TRAE LANE,2026-06-01,2026-06-01,2023-04-30,258,True,,Build the new Garrett Road 230kV switching station (three - element ring bus) splitting the Villa Rica - West Marietta 230kV line. Build a new 230kV line (8.6 miles) from the Trae Lane substation to the Garrett Road switching station with bundled 100C 1351 ACSR conductor.
GPC_20216,20216,208,2026,GPC,True,CC - STONEWALL TELL ROAD (TA REALTY),CC - STONEWALL TELL ROAD (TA REALTY),CC - STONEWALL TELL ROAD (TA REALTY),2026-06-01,2026-06-01,2025-01-01,259,True,,"Build 230kV line segment, using 200C 1351 ACSS Martin conductor, to loop in the Stonewall Tell Road (TA Realty) customer station into the East Point - Union City 230kV Black line."
GPC_18679,18679,211,2026,DU,False,DU: EAST DALTON - OOSTANAULA 115KV REBUILD,DU: EAST DALTON - OOSTANAULA 115KV REBUILD,DU: EAST DALTON - OOSTANAULA 115KV REBUILD,2026-06-01,2026-06-01,2023-06-01,260,True,,DU: Rebuild the portion of East Dalton - Oostanaula and Dalton - East Dalton 115kV double circuit lines between East Dalton substation and the Dalton substation frame with 200C 795 ACSS.
GPC_20491,20491,208,2026,GPC,True,EAST POINT RELAY MODERNIZATION,EAST POINT RELAY MODERNIZATION,EAST POINT RELAY MODERNIZATION,2026-06-01,2026-06-01,2024-01-01,217,True,,"Upgrade protection on 230kV buses, 115kV buses, and 230/115kV auto transformer at the East Point station. Add adequate monitoring on DC supply."
GPC_16007,16007,215,2026,GPC,True,FENWICK STREET - SAND BAR FERRY 115KV (RECONDUCTOR/REBUILD),FENWICK STREET - SAND BAR FERRY 115KV (RECONDUCTOR/REBUILD),FENWICK STREET - SAND BAR FERRY 115KV (RECONDUCTOR/REBUILD),2026-06-01,2026-06-01,2022-09-01,261,True,,Reconductor approximately 2.72 miles of transmission line from Fenwick St to East Augusta Jct. with 100C 1351 ACSR conductor.
GPC_20516,20516,213,2026,GPC,True,"GOAT ROCK 230KV SWITCH, JUMPER, & LINE TRAP REPLACEMENT","GOAT ROCK 230KV SWITCH, JUMPER, & LINE TRAP REPLACEMENT","GOAT ROCK 230KV SWITCH, JUMPER, & LINE TRAP REPLACEMENT",2026-06-01,2026-06-01,2024-01-01,262,True,,"Replace the 230kV 1200A switch with 3000A, 90C 1351.5 ACSR Martin jumper with (2) AAC 1590, and 1600A line trap with 3000A (part of the Goat Rock - North Opelika 230kV line at Goat Rock substation."
GPC_19618,19618,214,2026,GPC,True,GORDON-N DUBLIN 115KV (GORDON-ENGL MCI J) REBUILD,GORDON-N DUBLIN 115KV (GORDON-ENGL MCI J) REBUILD,GORDON-N DUBLIN 115KV (GORDON-ENGL MCI J) REBUILD,2026-06-01,2026-06-01,2023-10-01,263,True,,Rebuild the Gordon - Engelhard McIntyre J of the Gordon - North Dublin 115kV line from 100C 336.4 ACSR (2.81 miles) Linnet and 75C 4/0 F Copper/CW (3.18 miles) to 200C ACSS 795 conductor.
GPC_21139,21139,206,2026,GPC,True,GRADY - MORROW (WHITE) 115KV REBUILD,GRADY - MORROW (WHITE) 115KV REBUILD,GRADY - MORROW (WHITE) 115KV REBUILD,2026-06-01,2026-06-01,2024-06-01,264,True,,Replace 0.72 miles of conductor from Moreland Way to Morrow including the bus and jumper at Moreland Way with 1351.5 Martin/ACSS 54/19 conductor.
GPC_20474,20474,206,2026,GPC,True,GRADY 230/115KV RELAY MODERNIZATION,GRADY 230/115KV RELAY MODERNIZATION,GRADY 230/115KV RELAY MODERNIZATION,2026-06-01,2026-06-01,2024-01-01,218,True,,"Upgrade protection on 230kV bus, all 115kV buses, and both 230/115kV auto transformers at Grady. Add adequate monitoring on DC supply. Install a 230kV breaker and associated switches on the high side of Grady 230/115kV auto transformer D."
GPC_19706,19706,212,2026,GPC,True,GRID - GAINESVILLE #2 EQUIPMENT REPLACEMENT,GRID - GAINESVILLE #2 EQUIPMENT REPLACEMENT,GRID - GAINESVILLE #2 EQUIPMENT REPLACEMENT,2026-06-01,2026-06-01,2024-12-31,265,True,,GPC: Replace the two 230/115kV auto transformers (Bank C and D) at Gainesville #2 with 400MVA. Project was originally maintenance driven but now compliance driven.
GPC_21137,21137,206,2026,GTC,False,GTC: CONYERS - CORNISH MOUNTAIN 115KV LINE UPGRADE,GTC: CONYERS - CORNISH MOUNTAIN 115KV LINE UPGRADE,GTC: CONYERS - CORNISH MOUNTAIN 115KV LINE UPGRADE,2026-06-01,2026-06-01,2025-06-01,266,True,,Upgrade 750 jumpers at North Conyers and raise the temperature rating of the 636 ACSR conductor on the Conyers - Cornish MTN 115kV line from 100C to 125C.
GPC_19334,19334,213,2026,GTC,False,GTC: LAGRANGE - NORTH OPELIKA 230 KV,GTC: LAGRANGE - NORTH OPELIKA 230 KV,GTC: LAGRANGE - NORTH OPELIKA 230 KV,2026-06-01,2026-06-01,2023-06-01,267,True,,"Build a new Lagrange - North Opelika (APC) 230kV line, 29.4 miles, with 100C ACSR 1351.5 Martin Conductor. GTC will construct the ~15 - mile section from Lagrange to the Metering Station near the Georgia - Alabama border. The Metering Station will be owned by GTC. GPC will construct the short line section from the Metering Station to the GA - AL state line. APC will construct the 230kV line from the GA - AL state line to North Opelika."
GPC_20015,20015,212,2026,GTC,False,GTC: MORNING HORNET 2ND 230/115 KV BANK & THUMBS UP 115KV TL,GTC: MORNING HORNET 2ND 230/115 KV BANK & THUMBS UP 115KV TL,GTC: MORNING HORNET 2ND 230/115 KV BANK & THUMBS UP 115KV TL,2026-06-01,2026-06-01,2024-06-01,268,True,,"GTC to add a second 230/115kV auto transformer at Morning Hornet substation. Also, build an additional 115kV line from Morning Hornet to Thumbs Up, approximately 2.4 miles, using at least 100C 1351 ACSR conductor."
GPC_19999,19999,214,2026,GTC,False,GTC: ROBINS SPRING BUS REPLACEMENT,GTC: ROBINS SPRING BUS REPLACEMENT,GTC: ROBINS SPRING BUS REPLACEMENT,2026-06-01,2026-06-01,2023-06-01,269,True,,GTC: Replace the main 115kV bus 90C ACSR 336.4 Linnet conductor with higher rating.
GPC_20001,20001,214,2026,GTC,False,GTC: ROBINS SPRING CAPACITOR BANK INSTALLATION,GTC: ROBINS SPRING CAPACITOR BANK INSTALLATION,GTC: ROBINS SPRING CAPACITOR BANK INSTALLATION,2026-06-01,2026-06-01,2023-01-01,270,True,,Install a 115kV 2 - stage 22.5MVAR (45MVAR total) capacitor bank at Robins Spring
GPC_19636,19636,211,2026,GPC,True,HAMMOND - WEISS DAM 115KV LINE REBUILD,HAMMOND - WEISS DAM 115KV LINE REBUILD,HAMMOND - WEISS DAM 115KV LINE REBUILD,2026-06-01,2026-06-01,2023-06-01,271,True,,Rebuild 11.2 miles of Hammond - Weiss Dam 115kV from Hammond to the APC border with 200C 795 ACSS.
GPC_20512,20512,214,2026,GPC,True,KATHLEEN AREA IMPROVEMENTS,KATHLEEN AREA IMPROVEMENTS,KATHLEEN AREA IMPROVEMENTS,2026-06-01,2026-06-01,2024-01-01,272,True,,Rebuild the Kathleen - Big Grocery Creek 230kV line (approximately 1.5 miles). Rebuild the Bonaire Primary - Kathleen 230kV line (approximately 6 miles). Upgrade limiting elements at Kathleen substation.
GPC_20490,20490,206,2026,GPC,True,KLONDIKE RELAY MODERNIZATION,KLONDIKE RELAY MODERNIZATION,KLONDIKE RELAY MODERNIZATION,2026-06-01,2026-06-01,2024-01-01,219,True,,Upgrade protection on 230kV buses at the Klondike station. Add adequate monitoring on DC supply.
GPC_19598,19598,213,2026,MEAG,False,MEAG: DRESDEN - LAGRANGE PRIMARY 230KV UPGRADE & JUMPERS,MEAG: DRESDEN - LAGRANGE PRIMARY 230KV UPGRADE & JUMPERS,MEAG: DRESDEN - LAGRANGE PRIMARY 230KV UPGRADE & JUMPERS,2026-06-01,2026-06-01,2024-06-01,273,True,,MEAG will re-sag the Dresden - LaGrange Primary 230kV line to 125C. Replace the jumpers at Dresden and LaGrange with (2) 1590 AAC jumpers.
GPC_20270,20270,215,2026,MEAG,False,MEAG: RAY PLACE RD - WASHINGTON #3,MEAG: RAY PLACE RD - WASHINGTON #3,MEAG: RAY PLACE RD - WASHINGTON #3,2026-06-01,2026-06-01,2024-01-01,274,True,,Rebuild the Ray Place Rd - Washington 115kV line with 100C 795 ACSR conductor (total 17.4 Miles) between Ray Place Rd and Washington 2. Replace Jumpers and bus at Washington 2.
GPC_20271,20271,215,2026,MEAG,False,MEAG: RAY PLACE RD - WASHINGTON (WASHINGTON - WASHINGTON 3),MEAG: RAY PLACE RD - WASHINGTON (WASHINGTON - WASHINGTON 3),MEAG: RAY PLACE RD - WASHINGTON (WASHINGTON - WASHINGTON 3),2026-06-01,2026-06-01,2025-06-01,275,True,,MEAG will rebuild the Ray Place Rd - Washington 115kV line with 100C 1351 ACSR conductor (total 1.2 Miles) between Washington and Washington 3. Replace jumpers at Washington.
GPC_20300,20300,208,2026,GPC,True,MORROW 115KV RELAY UPGRADE,MORROW 115KV RELAY UPGRADE,MORROW 115KV RELAY UPGRADE,2026-06-01,2026-06-01,2024-06-01,220,True,,Upgrade protection scheme on all three 115kV buses at Morrow.
GPC_18690,18690,216,2026,GPC,True,PALMYRA REACTOR REMOVAL,PALMYRA REACTOR REMOVAL,PALMYRA REACTOR REMOVAL,2026-06-01,2026-06-01,2023-05-01,276,True,,Remove the 6% reactor at the Palmyra Substation.
GPC_20066,20066,219,2026,SAV,True,SAV: BOULEVARD - DEPTFORD 115KV RECONDUCTOR,SAV: BOULEVARD - DEPTFORD 115KV RECONDUCTOR,SAV: BOULEVARD - DEPTFORD 115KV RECONDUCTOR,2026-06-01,2026-06-01,2025-06-01,277,True,,Reconductor the Boulevard - Deptford 115kV line (approximately 8 miles) using 973.1 C7 ACCS (Everglades) conductor. Upgrade main bus and jumpers at Bolton substation from 90C 1590 AAC Coreopsis to 90C (2)1590 AAC Coreopsis or higher rated equipment.
GPC_19966,19966,219,2026,SAV,True,SAV: CC - BIG OGEECHEE 500/230KV (CC NETWORK IMPROVEMENTS),SAV: CC - BIG OGEECHEE 500/230KV (CC NETWORK IMPROVEMENTS),SAV: CC - BIG OGEECHEE 500/230KV (CC NETWORK IMPROVEMENTS),2026-06-01,2026-06-01,2023-06-01,278,True,,"Construct a new substation near Little Ogeechee, adjacent to the 500kV and 230kV shared right of way for McCall Road - Thalmann 500kV and the Little Ogeechee - Meldrim 230kV Black and White lines. The new substation will loop in the existing McCall Road - Thalmann 500kV line, the existing Little Ogeechee - Meldrim 230kV lines, and accommodate a new 1344MVA 500/230kV auto transformers with an additional 230kV connection to Little Ogeechee."
GPC_20277,20277,219,2026,SAV,True,SAV: MCINTOSH - PURRYSBURG 230KV REACTORS,SAV: MCINTOSH - PURRYSBURG 230KV REACTORS,SAV: MCINTOSH - PURRYSBURG 230KV REACTORS,2026-06-01,2026-06-01,2024-01-01,227,True,,Install reactors on the McIntosh - Purrysburg (Black and White) 230kV tie lines at McIntosh. Rebuild 0.1 miles (GPC portion) for both lines to (2) 200C 1351 ACSS conductor.
GPC_20489,20489,206,2026,GPC,True,SCOTTDALE RELAY MODERNIZATION,SCOTTDALE RELAY MODERNIZATION,SCOTTDALE RELAY MODERNIZATION,2026-06-01,2026-06-01,2024-01-01,221,True,,Upgrade protection on 230kV bus and 230/115kV auto transformers at the Scottdale station. Add adequate monitoring on DC supply.
GPC_17900,17900,208,2026,GPC,True,UNION CITY - YATES 230 KV WHITE LINE REBUILD,UNION CITY - YATES 230 KV WHITE LINE REBUILD,UNION CITY - YATES 230 KV WHITE LINE REBUILD,2026-04-01,2026-06-01,2023-06-01,279,True,DATE_MISMATCH,Rebuild 23.4 miles of the Union City - Yates 230kV White line with bundled 1351 ACSS Martin conductor at 200C.
GPC_20691,20691,208,2026,GPC,True,UNION CITY - YATES 230KV (WHITE) SWITCH AND TRAP REPLACEMENT,UNION CITY - YATES 230KV (WHITE) SWITCH AND TRAP REPLACEMENT,UNION CITY - YATES 230KV (WHITE) SWITCH AND TRAP REPLACEMENT,2026-06-01,2026-06-01,2024-05-15,280,True,,Replace the limiting elements at Union City and Yates substations along the Union City - Yates 230kV (White) line.
GPC_20223,20223,216,2026,GPC,True,CC - PROJECT PAYTON BAINBRIDGE,CC - PROJECT PAYTON BAINBRIDGE,CC - PROJECT PAYTON BAINBRIDGE,2026-06-30,2026-06-30,2024-06-01,281,True,,Split Farley - South Bainbridge 230kV line with a 230kV station (Dothan Road) and bring an 8.5 mile 200C 1351 ACSS 230kV line from Dothan Rd to new customer sub Downrange. Bring another 10mile 200C 1351 ACSS 230kV line from Climax to customer sub Downrange.
GPC_21022,21022,208,2026,GPC,True,OHARA BREAKER REPLACEMENT,OHARA BREAKER REPLACEMENT,OHARA BREAKER REPLACEMENT,2026-10-01,2026-10-01,2025-10-01,225,True,,Replace Breaker on the Ohara - Tara 115kV Line at the Ohara Substation.
GPC_20668,20668,208,2026,GPC,True,DRESDEN LINE PROTECTIVE RELAYING,DRESDEN LINE PROTECTIVE RELAYING,DRESDEN LINE PROTECTIVE RELAYING,2026-12-01,2026-12-01,2024-12-01,222,True,,"On the O'Hara - Wansley 500kV line, replace the protective relay panels associated with the 500kV line terminal facing Dresden, at both O'Hara and Wansley."
GPC_20874,20874,213,2026,GTC,False,GTC: BARNESVILLE PRIMARY-BARNESVILLE #1 115KV RECONDUCTOR,GTC: BARNESVILLE PRIMARY- BARNESVILLE #1 115KV RECONDUCTOR,GTC: BARNESVILLE PRIMARY-BARNESVILLE #1 115KV RECONDUCTOR,2026-12-01,2026-12-01,2024-06-01,282,True,,Rebuild approximately 4.53 miles of the Barnesville Primary - Barnesville #1 segment on the Barnesville Primary - Lamar County Industrial 115kV line.
GPC_20273,20273,208,2026,GTC,False,GTC: DRESDEN 500KV BUS EXPANSION,GTC: DRESDEN 500KV BUS EXPANSION,GTC: DRESDEN 500KV BUS EXPANSION,2026-12-01,2026-12-01,2024-12-01,283,True,,GTC will expand the Dresden 500kV bus into a 5 - element ring bus configuration. Loop the O'Hara - Wansley 500kV line into the Dresden 500kV substation and allow for future Dresden - Talbot 500kV line termination.
GPC_20002,20002,214,2026,GTC,False,GTC: GORDON - SANDERSVILLE #1 115KV LINE REBUILD,GTC: GORDON - SANDERSVILLE #1 115KV LINE REBUILD,GTC: GORDON - SANDERSVILLE #1 115KV LINE REBUILD,2026-12-01,2026-12-01,2023-02-01,284,True,,Rebuild the 1.87 miles of Sandersville #1 - Sandersville #6 line section of the Gordon - Sandersville #1 115kV line from 100C ACSR 336 conductor to 100C ACSR 795 conductor.
GPC_20151,20151,211,2026,GPC,True,CC - CASS PINE 230/25 NEW SUB - QCELLS - CC IMPROVEMENTS,CC - CASS PINE 230/25 NEW SUB - QCELLS - CC IMPROVEMENTS,CC - CASS PINE 230/25 NEW SUB - QCELLS - CC IMPROVEMENTS,2026-12-31,2026-12-31,2024-06-01,285,True,,Build a new 230/25kV 8 element ring bus networked substation named Cass Pine that will interconnect between new Great Valley and Hill View 230kV substations.
GPC_19287,19287,206,2026,GPC,True,GRADY-WEST END 115KV REBUILD,GRADY-WEST END 115KV REBUILD,GRADY-WEST END 115KV REBUILD,2026-12-31,2026-12-31,2022-06-01,286,True,,Reconductor the Grady - West End 115kV line (2.6 miles) using 200C 1351 ACSS Martin.
GPC_19363,19363,208,2026,GPC,True,MORROW - MOUNTAIN VIEW 115 KV REBUILD,MORROW - MOUNTAIN VIEW 115 KV REBUILD,MORROW - MOUNTAIN VIEW 115 KV REBUILD,2026-12-31,2026-12-31,2024-01-01,287,True,,Rebuild the Mountain View - Barnett Road section of the Morrow - Mountain View 115kV line with 200C 1351 ACSS Martin conductor.
GPC_18832,18832,213,2027,MEAG,False,MEAG: FORTSON SUBSTATION MODERNIZATION,MEAG: FORTSON 230KV SUBSTATION MODERNIZATION,MEAG: FORTSON SUBSTATION MODERNIZATION,2027-01-13,2027-01-13,2025-01-01,223,True,,"Complete modernization and replacement of obsolete equipment and relays for the 500kV, 230kV, and 115kV yards. Add a redundant relay scheme at Fortson."
GPC_20509,20509,201,2027,GPC,True,CC - EMBLEM RIVERSIDE CUSTOMER SUB (FLEXENTIAL),CC - EMBLEM RIVERSIDE CUSTOMER SUB (FLEXENTIAL),CC - EMBLEM RIVERSIDE CUSTOMER SUB (FLEXENTIAL),2027-03-01,2027-03-01,2025-06-01,288,True,,"A new customer substation, Emblem Riverside, is being built along the Buzzard Roost - Douglasville 230kV line. Moreover, a Fiber ICON ring is being built in the area to help with communications and protection for all customers in the area."
GPC_19635,19635,211,2027,GTC,False,GTC: HICKORY LEVEL - VILLA RICA 230KV LINE RECONDUCTOR,GTC: HICKORY LEVEL - VILLA RICA 230KV LINE RECONDUCTOR,GTC: HICKORY LEVEL - VILLA RICA 230KV LINE RECONDUCTOR,2027-05-01,2027-05-01,2024-05-01,289,True,,GTC will reconductor from 100C 1351 ACSR to 160C 1351 ACSS on 8.6 miles of 230kV line. A 2000A line trap at Villa Rica will also be replaced with a 3000A line trap.
GPC_19601,19601,208,2027,GPC,True,MORROW - YATES COMMON 115KV LINE UPGRADE,MORROW - YATES COMMON 115KV LINE UPGRADE,MORROW - YATES COMMON 115KV LINE UPGRADE,2027-05-01,2027-05-01,2024-05-01,290,True,,"On the Fife - Fairburn SW - Owens Corning Tap sections of the Morrow - Yates Common 115kV line, rebuild approximately 5.8 miles of 50C 477 ACSR with 210C 1334 T13 ACCR Martin or 200C 1351.0 ACSS Martin."
GPC_15879,15879,211,2027,GPC,True,POSSUM BRANCH - YATES COMMON 115KV REBUILD (YATES TO CLEM),POSSUM BRANCH - YATES COMMON 115KV REBUILD (YATES TO CLEM),POSSUM BRANCH - YATES COMMON 115KV REBUILD (YATES TO CLEM),2027-05-01,2027-05-01,2025-06-01,291,True,,Rebuild 11.2 miles of 100C 477 ACSR with 200C 1334 T13 ACCR Martin or 200C 1351.0 ACSS between Yates Common to Oak Mountain. Replace limiting elements along the line.
GPC_20771,20771,208,2027,GPC,True,CC - GULLATT ROAD TRANSMISSION IMPROVEMENTS,CC - GULLATT ROAD TRANSMISSION IMPROVEMENTS,CC - GULLATT ROAD TRANSMISSION IMPROVEMENTS,2027-06-01,2027-06-01,2024-06-01,292,True,,Upstream Transmission improvements to serve a new customer station being built along the Morrow - Yates Common 115kV and Line Creek - Fairburn #2 115kV lines. Rebuild the Morrow - Yates Common 115kV line from Line Creek to the new Gullatt Road customer station. Rebuild the Line Creek - Fairburn #2 115kV line from Line Creek to the new Gullatt Road customer station. Remove the Owens Corning Tap Connection on the Morrow - Yates Common 115kV line and rebuild the line from North Coweta to Str 1. Build new line section from Str 1 to the new Gullatt Road customer station
GPC_18736,18736,208,2027,GPC,True,CC - MICROSOFT - SHUGART (CCO06),CC - MICROSOFT - SHUGART (CCO06),CC - MICROSOFT - SHUGART (CCO06),2027-06-01,2027-06-01,2022-12-31,293,True,,"GPC will rebuild the Line Creek 230kV substation as breaker and a half configuration and connect the Morrow - Yates 230kV line and the Union City - Yates 230kV White line into Line Creek. For the Union City - Yates 230kV Black line, terminate the line from the Yates side into Shugart Farms, and the line from the Union City side into Line Creek. Build two short lines from Line Creek to Shugart Farms (0.3 miles each) with 100C 1351 ACSR Martin conductor."
GPC_20781,20781,201,2027,GPC,True,CC - SUMMER LAKE - VILLA RICA 230KV REBUILD (CC IMPROVEMENT),CC - SUMMER LAKE - VILLA RICA 230KV REBUILD (CC IMPROVMNT),CC - SUMMER LAKE - VILLA RICA 230KV REBUILD (CC IMPROVEMENT),2027-06-01,2027-06-01,2025-06-01,294,True,,Rebuild the 2.5 mile section from Villa Rica to the new East Villa Rica Switching station on the Summer Lake - Villa Rica 230kV line with bundled 200C 1351 ACSS Martin.
GPC_20736,20736,208,2027,GPC,True,CC - TA REALTY ELLENWOOD NETWORK IMPROVEMENTS,CC - TA REALTY ELLENWOOD NETWORK IMPROVEMENTS,CC - TA REALTY ELLENWOOD NETWORK IMPROVEMENTS,2027-06-01,2027-06-01,2024-06-01,295,True,,"Rebuild the ~14.9mi Austin Drive - Morrow 115kV with 200C 1351.5 ACSS Martin. At Austin Drive 115kV, replace the 115/230kV auto transformer along with upgrades other limiting elements at the station."
GPC_20234,20234,212,2027,GPC,True,DOYLE - LG&E MONROE 230KV - JACKS CREEK LOOP IN,DOYLE - LG&E MONROE 230KV - JACKS CREEK LOOP IN,DOYLE - LG&E MONROE 230KV - JACKS CREEK LOOP IN,2027-06-01,2027-06-01,2027-01-03,296,True,,Loop in and out the new Jack's Creek 230kV switching station into the Doyle - LG&E Monroe 230kV
GPC_20858,20858,201,2027,GTC,False,GTC: ADAMSVILLE - BUZZARD ROOST 230KV REBUILD,GTC: ADAMSVILLE - BUZZARD ROOST 230KV REBUILD,GTC: ADAMSVILLE - BUZZARD ROOST 230KV REBUILD,2027-06-01,2027-06-01,2025-06-01,297,True,,GTC plans to rebuild 5 miles of line from Buzzard Roost to Boat Rock Road with 200C 1351 ACSS Martin.
GPC_20776,20776,201,2027,GTC,False,GTC: DOUGLASVILLE - VILLA RICA 230KV REBUILD (CC IMPROVEMENT),GTC: DOUGLASVILLE - VILLA RICA 230KV REBUILD (CC IMPROVEMENT),GTC: DOUGLASVILLE - VILLA RICA 230KV REBUILD (CC IMPROVEMENT),2027-06-01,2027-06-01,2025-06-01,298,True,,Rebuild the 2.5 mile section from Villa to the new East Villa Rica Switching station on the Douglasville - Villa Rica 230kV line with bundled 200C 1351 ACSS Martin.
GPC_20778,20778,212,2027,GTC,False,GTC: DOYLE - WINDER PRIMARY 230KV LINE JUMPER REPLACEMENT,GTC: DOYLE - WINDER PRIMARY 230KV LINE JUMPER REPLACEMENT,GTC: DOYLE - WINDER PRIMARY 230KV LINE JUMPER REPLACEMENT,2027-06-01,2027-06-01,2025-12-31,299,True,,Replace the limiting AAC 1033 jumper with AAC 1590 at Doyle on the Doyle - Winder Primary 230kV line.
GPC_19358,19358,216,2027,GTC,False,GTC: EAST MOULTRIE - HIGHWAY 112 230 KV LINE,GTC: EAST MOULTRIE - HIGHWAY 112 230 KV LINE,GTC: EAST MOULTRIE - HIGHWAY 112 230 KV LINE,2027-06-01,2027-06-01,2022-06-01,300,True,,Build a new 27 miles of 230kV line between HWY 112 and East Moultrie substations with 100C 1351 ACSR conductor.
GPC_09662,09662,212,2027,GTC,False,GTC: EAST WALTON 500/230KV PROJECT,GTC: EAST WALTON 500/230KV PROJECT,GTC: EAST WALTON 500/230KV PROJECT,2027-06-01,2027-06-01,2023-06-01,301,True,,"GTC: - Construct the East Walton 500/230kV substation. - Construct the Bostwick 230kV switching station. - Construct the East Walton - Rockville 500kV line (3 - 100C 1113 ACSR). - Construct the Bethabara - East Walton 230kV line (170C 1351.5 ACSS). - Construct the Bostwick - East Walton 230kV line (170C 1351.5 ACSS). - Construct the East Walton - Jack's Creek 230kV line (170C 1351.5 ACSS). - At Bethabara, terminate the East Walton 230kV line. - Loop the East Social Circle - East Watkinsville 230kV line into Bostwick. - Replace line trap at East Watkinsville on the Bostwick 230kV line. GPC: - Construct the Rockville 500kV switching station. - Loop the Scherer - Warthen 500kV line into Rockville. - Loop the Doyle - LG&E Monroe 230kV line into Jack's Creek. MEAG: - Construct the Jack's Creek 230kV switching station."
GPC_20505,20505,201,2027,GTC,False,GTC: GARRETT RD - V. RICA 230KV LINE RECONDUCTOR (CC NET IM),GTC: GARRETT RD - V. RICA 230KV LINE RECONDUCTOR (CC NET IM),GTC: GARRETT RD - V. RICA 230KV LINE RECONDUCTOR (CC NET IM),2027-06-01,2027-06-01,2027-01-01,303,True,,"GTC will reconductor the section from East Villa Rica Switching station to Garrett Rd with 160C 1351 ACSS on 11.5 miles of the Garrett Road - Villa Rica 230kV line. Additionally, the 2.5 miles section from East Villa Rica Switching Station to Villa Rica will be rebuilt with bundled 200C 1351 ACSS Martin."
GPC_19622,19622,214,2027,GTC,False,GTC: RIDDLEVILLE BUS REPLACEMENT,GTC: RIDDLEVILLE BUS REPLACEMENT,GTC: RIDDLEVILLE BUS REPLACEMENT,2027-06-01,2027-06-01,2023-01-09,304,True,,GTC will replace the main 115kV bus at Riddleville substation with higher rating.
GPC_19606,19606,206,2027,GTC,False,GTC: SKC 115KV BUS AND JUMPER REPLACEMENT,GTC: SKC 115KV BUS AND JUMPER REPLACEMENT,GTC: SKC 115KV BUS AND JUMPER REPLACEMENT,2027-06-01,2027-06-01,2025-06-01,305,True,,Replace the 115kV bus and jumpers at SKC substation with higher rated bus and jumpers with rating higher than 255MVA.
GPC_20020,20020,214,2027,GTC,False,GTC: SOUTH HAZLEHURST - NEW LACY 230KV LINE,GTC: SOUTH HAZLEHURST - NEW LACY 230KV LINE,GTC: SOUTH HAZLEHURST - NEW LACY 230KV LINE,2027-06-01,2027-06-01,2024-01-15,306,True,,GTC will build a new 230kV transmission line between South Hazlehurst (bus 2) and New Lacy substation (approximately 25 miles) with 100C ACSR 1351 Martin conductor. Do all the necessary upgrade work to accommodate the additional line in both facilities.
GPC_20506,20506,201,2027,GTC,False,GTC: SWITCH WAY - THORNTON ROAD 230KV LINE REBUILD,GTC: SWITCH WAY - THORNTON ROAD 230KV LINE REBUILD,GTC: SWITCH WAY - THORNTON ROAD 230KV LINE REBUILD,2027-06-01,2027-06-01,2025-01-01,307,True,,GTC will rebuild the 1.3 mile Switchway - Thornton Rd 230kV line with 200C 1351 ACSS.
GPC_18668,18668,218,2027,GPC,True,JESUP - OFFERMAN 115KV REBUILD,JESUP - OFFERMAN 115KV REBUILD,JESUP - OFFERMAN 115KV REBUILD,2027-06-01,2027-06-01,2021-04-06,308,True,,"Rebuild 20 miles of 100C 4/0 ACSR Penguin conductor along the Jesup - Offerman 115kV line, with 100C 795 ACSR Drake conductor."
GPC_10143,10143,202,2027,GPC,True,LAWRENCEVILLE - WINDER 115KV LINE REBUILD,LAWRENCEVILLE - WINDER 115KV LINE REBUILD,LAWRENCEVILLE - WINDER 115KV LINE REBUILD,2027-06-01,2027-06-01,2026-10-15,309,True,,Rebuild approximately 1.2 miles of 100C 636 ACSR conductor from Johns Manville to Winder Primary with 200C 795 ACSS conductor.
GPC_10481,10481,202,2027,GPC,True,LAWRENCEVILLE - WINDER PRIMARY 230KV LINE REBUILD,LAWRENCEVILLE - WINDER PRIMARY 230KV LINE REBUILD,LAWRENCEVILLE - WINDER PRIMARY 230KV LINE REBUILD,2027-06-01,2027-06-01,2024-06-01,310,True,,"Rebuild the entire Lawrenceville - Winder Primary 230kV line, approximately 15.4 miles, using 200C 1351 ACSS ""Martin"" conductor."
GPC_20264,20264,215,2027,MEAG,False,MEAG: RAY PLACE RD - WARRENTON PRIMARY,MEAG: RAY PLACE RD - WARRENTON PRIMARY,MEAG: RAY PLACE RD - WARRENTON PRIMARY,2027-06-01,2027-06-01,2026-01-01,311,True,,Rebuild 10 miles of Ray Place - Warrenton Primary 115kV line with 100C 2 - 1351 ACSR conductor and replace 1590 AAC Coreopsis jumpers at Warrenton.
GPC_19248,19248,214,2027,GPC,True,SANDERSVILLE #1 - WADLEY PRI. 115KV REBUILD/RECONDUCTOR,SANDERSVILLE #1 - WADLEY PRI. 115KV REBUILD/RECONDUCTOR,SANDERSVILLE #1 - WADLEY PRI. 115KV REBUILD/RECONDUCTOR,2027-06-01,2027-06-01,2022-02-15,312,True,,Rebuild approximately 24.3 miles of the Sandersville #1 - Wadley Primary 115kV line from 100C 336 ACSR Linnet conductor to 100C 1351 ACSR Drake conductor. Replace limiting elements in substations along the line.
GPC_20785,20785,219,2027,SAV,True,SAV: GOSHEN (SAV) - KRAFT 115KV LINE REBUILD,SAV: GOSHEN (SAV) - KRAFT 115KV LINE REBUILD,SAV: GOSHEN (SAV) - KRAFT 115KV LINE REBUILD,2027-06-01,2027-06-01,2024-06-01,313,True,,Rebuild 9.3 miles of Goshen - Kraft 115kV line from Kraft - Godley J - Rice Hope from 100C 795 ACSR Drake to 200C 1351 ACSS Martin.
GPC_20065,20065,219,2027,SAV,True,SAV: GOSHEN (SAV) - MCINTOSH 115KV LINE REBUILD,SAV: GOSHEN (SAV) - MCINTOSH 115KV LINE REBUILD,SAV: GOSHEN (SAV) - MCINTOSH 115KV LINE REBUILD,2027-06-01,2027-06-01,2025-06-01,314,True,,"Rebuild the Goshen (Savannah) - Georgia Pacific (Rincon) section, approximately 6.7 miles, of the Goshen (Sav) - McIntosh 115kV line using 100C 795 ACSR Drake conductor."
GPC_20717,20717,208,2027,GPC,True,CC - TOMOCHICHI 500/230KV SOLUTION (CC NETWORK IMPROVEMENTS),CC - TOMOCHICHI 500/230KV SOLUTION (CC NETWORK IMPROVEMENTS),CC - TOMOCHICHI 500/230KV SOLUTION (CC NETWORK IMPROVEMENTS),2027-07-15,2027-07-15,2024-06-01,315,True,,"Build the new Tomochichi 500/230kV switching station (four element ring bus 500kV high side, four element breaker and a half 230kV low side) splitting the Ohara - Schere 500kV line. Build two new 230kV lines from the new Tomochichi substation to the new Towaliga River 230kV substation."
GPC_18573,18573,214,2027,GPC,True,GRID - ARKWRIGHT - LLOYD SHOALS 115KV,GRID - ARKWRIGHT - LLOYD SHOALS 115KV,GRID - ARKWRIGHT - LLOYD SHOALS 115KV,2027-07-30,2027-07-30,2021-06-01,316,True,,Rebuild the Arkwright - Lloyd Shoals 115kV line with 100C 795 ACSR Drake.
GPC_20591,20591,214,2027,GTC,False,GTC: EATONTON PRIMARY (035591) - LICK CREEK 115KV REBUILD,GTC: EATONTON PRIMARY (035591) - LICK CREEK 115KV REBUILD,GTC: EATONTON PRIMARY (035591) - LICK CREEK 115KV REBUILD,2027-12-01,2027-12-01,2023-10-01,317,True,,Rebuild approximately 7.5 miles Eatonton Primary - Lick Creek 115kV line section with 100C 795 ACSR conductor.
GPC_17977,17977,212,2027,GPC,True,ATHENA - EAST WATKINSVILLE 115 KV (REBUILD),ATHENA - EAST WATKINSVILLE 115 KV (REBUILD),ATHENA - EAST WATKINSVILLE 115 KV (REBUILD),2027-12-31,2027-12-31,2024-08-01,318,True,,Rebuild 8.47 miles of the University of Georgia - East Watkinsville line sections on the Athena - East Watkinsville 115kV line with 100C ACSR 1033 conductor.
GPC_20150,20150,211,2027,GPC,True,CC - HILL VIEW & GRASSY HOLLOW SUB - CC IMPROVEMENTS,CC - HILL VIEW & GRASSY HOLLOW SUB - CC IMPROVEMENTS,CC - HILL VIEW & GRASSY HOLLOW SUB - CC IMPROVEMENTS,2027-12-31,2027-12-31,2023-06-01,319,True,,Build two 230kV switching stations (Hill View and Grassy Hollow) looping into the Cartersville - McGrau Ford 230kV line (8.5 miles apart). Build two new 230kV lines: Cass Pine - Great Valley and Great Valley - Grassy Hollow (total 10.1 miles) with 200C 1351 ACSS Martin.
GPC_20024,20024,211,2027,GPC,True,DYER ROAD - EAST ROANOKE 115KV (REBUILD),DYER ROAD - EAST ROANOKE 115KV (REBUILD),DYER ROAD - EAST ROANOKE 115KV (REBUILD),2027-12-31,2027-12-31,2025-06-01,320,True,,Rebuild 20.7 miles of 75C 397.5 ACSR conductor with advanced conductor from Dyer Road to Wansley tap on the Dyer Road - East Roanoke (APC) 115kV line.
GPC_19997,19997,214,2028,GPC,True,AULTMAN ROAD-PERRY 115KV LINE REBUILD,AULTMAN ROAD-PERRY 115KV LINE REBUILD,AULTMAN ROAD-PERRY 115KV LINE REBUILD,2028-06-01,2028-06-01,2025-06-01,321,True,,Rebuild the PPG J2 - Langston Road line section of the Aultman Road - Perry 115kV line from 100C 336 ACSR Linnet conductor to 200C 1351 ACSS conductor.
GPC_20797,20797,201,2028,GPC,True,CC - EAST VILLA RICA AREA SWITCHING STATION (CC IMPROVEMENT),CC - EAST VILLA RICA AREA SWITCHING STATION (CC IMPROVEMENT),CC - EAST VILLA RICA AREA SWITCHING STATION (CC IMPROVEMENT),2028-06-01,2028-06-01,2025-06-01,322,True,,Build a 7 rung breaker and a half switching station along the right of way of the (3) 230kV lines about 2.5 miles East of Villa Rica to service recently signed customers in the area. All three lines will terminate into this station.
GPC_20774,20774,211,2028,GPC,True,CC - VILLA RICA UPGRADES (CC NETWORK IMPROVEMENTS),CC - VILLA RICA UPGRADES (CC NETWORK IMPROVEMENTS),CC - VILLA RICA UPGRADES (CC NETWORK IMPROVEMENTS),2028-06-01,2028-06-01,2026-06-01,323,True,,Loop in the Bowen - Union City line into Villa Rica 500kV bus and add a second 2016 MVA 500/230kV auto transformer. Convert the 230kV side to a 10 element breaker and a half scheme.
GPC_21048,21048,214,2028,GPC,True,FITZGERALD - PITTS 115 KV LINE REBUILD,FITZGERALD - PITTS 115 KV LINE REBUILD,FITZGERALD - PITTS 115 KV LINE REBUILD,2028-06-01,2028-06-01,2025-06-01,324,True,,Rebuild approximately 26.14 miles of the Fitzgerald - Pitts 115kV line with 200C 1351 ACSS.
GPC_08458,08458,213,2028,GTC,False,GTC: BARNESVILLE - SOUTH GRIFFIN 230KV PROJECT,GTC: BARNESVILLE - SOUTH GRIFFIN 230KV PROJECT,GTC: BARNESVILLE - SOUTH GRIFFIN 230KV PROJECT,2028-06-01,2028-06-01,2026-01-01,325,True,,"Construct 19 miles of 230kV circuit, on existing ROW, using200C 1351 ACSS conductor from South Griffin 230/115kV substation to the Barnesville 230/69kV substation."
GPC_20503,20503,216,2028,GTC,False,GTC: BARNEYVILLE - EAST MOULTRIE 115KV NEW LINE,GTC: BARNEYVILLE - EAST MOULTRIE 115KV NEW LINE,GTC: BARNEYVILLE - EAST MOULTRIE 115KV NEW LINE,2028-06-01,2028-06-01,2025-06-01,326,True,,Build a new 20 miles of 115kV line with 200C 1351 ACSS from Barneyville to East Moultrie. Add 115kV breakers to Barneyville and East Moultrie substations.
GPC_20873,20873,214,2028,GTC,False,GTC: BONAIRE PRIMARY 500/230KV XFMR REPLCMNT & RELAY MOD,GTC: BONAIRE PRIMARY 500/230KV XFMR REPLCMNT & RELAY MOD,GTC: BONAIRE PRIMARY 500/230KV XFMR REPLCMNT & RELAY MOD,2028-06-01,2028-06-01,2024-03-14,327,True,,"Replace 500/230kV, auto transformer C with a new 448 MVA transformer. Replace obsolete relay panels."
GPC_19992,19992,212,2028,GTC,False,GTC: BOSTWICK - EAST SOCIAL CIRCLE 230KV RECONDUCTOR,GTC: BOSTWICK - EAST SOCIAL CIRCLE 230KV RECONDUCTOR,GTC: BOSTWICK - EAST SOCIAL CIRCLE 230KV RECONDUCTOR,2028-06-01,2028-06-01,2024-12-31,328,True,,Reconductor 10.8 miles of the East Social Circle - East Watkinsville 230kV line (up to future Bostwick location) from 1033 ACSR Curlew conductor to 1033 ACCR 200C conductor.
GPC_20777,20777,206,2028,GPC,True,JACK MCDONOUGH - NORTHWEST (BLACK) 230KV RECONDUCTOR,JACK MCDONOUGH - NORTHWEST (BLACK) 230KV RECONDUCTOR,JACK MCDONOUGH - NORTHWEST (BLACK) 230KV RECONDUCTOR,2028-06-01,2028-06-01,2025-06-01,329,True,,Rebuild the Jack McDonough - Northwest (Black) 230kV line (4.59 miles) using 200C 1351 Elbrus/TW.
GPC_19629,19629,216,2028,MEAG,False,MEAG: BRUMBLEY CREEK - SOUTH BAINBRIDGE 115KV REBUILD,MEAG: BRUMBLEY CREEK - SOUTH BAINBRIDGE 115KV REBUILD,MEAG: BRUMBLEY CREEK - SOUTH BAINBRIDGE 115KV REBUILD,2028-06-01,2028-06-01,2024-01-01,330,True,,Rebuild 2.1 miles segment from line tap into Roddenbery Station on the South Bainbridge - Thomasville 115kV line from 50C ACSR TW 762.8 to 200C 1351 ACSS conductor.
GPC_19630,19630,216,2028,MEAG,False,MEAG: THOMASVILLE 230/115KV AUTOBANK REPLACEMENT,MEAG: THOMASVILLE 230/115KV AUTOBANK REPLACEMENT,MEAG: THOMASVILLE 230/115KV AUTOBANK REPLACEMENT,2028-06-01,2028-06-01,2027-06-01,331,True,,Replace the 140MVA 230/115kV auto transformer #4 at Thomasville substation.
GPC_20482,20482,213,2028,GPC,True,PITTMAN ROAD - WEST POINT DAM (USA) 115KV REBUILD,PITTMAN ROAD - WEST POINT DAM (USA) 115KV REBUILD,PITTMAN ROAD - WEST POINT DAM (USA) 115KV REBUILD,2028-06-01,2028-06-01,2025-06-01,332,True,,Rebuild 3 miles from the Pittman Road 115kV station to the West Point Dam (USA) 115kV station with 100C 1351 ACSS Martin conductor. Replace AAC 750 jumper at Pittman Road 115kV with (2) 1590 AAC.
GPC_20656,20656,208,2028,GPC,True,PLANT YATES BREAKER AND HALF STATION,PLANT YATES BREAKER AND HALF STATION,PLANT YATES BREAKER AND HALF STATION,2028-06-01,2028-06-01,2024-05-01,333,True,,Rebuild the Yates 6 & 7 substation to a Breaker and a Half configuration.
GPC_20783,20783,219,2028,SAV,True,SAV: COLEMAN - DEAN FOREST 115KV LINE REBUILD,SAV: COLEMAN - DEAN FOREST 115KV LINE REBUILD,SAV: COLEMAN - DEAN FOREST 115KV LINE REBUILD,2028-06-01,2028-06-01,2025-06-01,334,True,,Rebuild entire line from Coleman to Dean Forest. 6.67 miles of 100C 477 Hawk Conductor with 200C 1351 ACSS Martin conductor.
GPC_20407,20407,219,2028,SAV,True,SAV: MAGNOLIA - TRUMAN PARKWAY 115KV REBUILD,SAV: MAGNOLIA - TRUMAN PARKWAY 115KV REBUILD,SAV: MAGNOLIA - TRUMAN PARKWAY 115KV REBUILD,2028-06-01,2028-06-01,2025-06-01,335,True,,Rebuild 3 miles of the Magnolia - Truman Parkway 115kV from 75C 927 ACAR to 200C 1351 ACSS Martin conductor or higher rated conductor. Upgrade 1200A switches at Magnolia substation to 2000A switches and jumpers at Truman Parkway.
GPC_21069,21069,201,2028,GPC,True,SMART VALVES AT EAST VILLA RICA SWITCHING STATION,SMART VALVES AT EAST VILLA RICA SWITCHING STATION,SMART VALVES AT EAST VILLA RICA SWITCHING STATION,2028-06-01,2028-06-01,2028-06-01,336,True,,Installation of Power Flow Controllers at the new East Villa Rica Switching Station on the Douglasville - Villa Rica 230kV and Summer Lake - Villa Rica 230kV lines. The Power Flow Controllers will be removed when GTCs strategic project at Cavender Drive goes in service.
GPC_20768,20768,214,2028,GPC,True,SOUTH MACON 115KV BUSES 1 & 2 REPLACEMENT,SOUTH MACON 115KV BUSES 1 & 2 REPLACEMENT,SOUTH MACON 115KV BUSES 1 & 2 REPLACEMENT,2028-06-01,2028-06-01,2025-01-15,337,True,,Replace the 115kV buses 1 and 2 at South Macon with (2) 1590 AAC.
GPC_20274,20274,208,2028,GPC,True,UNION CITY - YATES 230KV (BLACK) LINE REBUILD,UNION CITY - YATES 230KV (BLACK) LINE REBUILD,UNION CITY - YATES 230KV (BLACK) LINE REBUILD,2028-06-01,2028-06-01,2025-06-01,338,True,,"Rebuild the Union City - Yates 230kV Black line with bundled 200C 1351 ACSS Martin conductor. Replace limiting elements at Union City, Fairburn #1 and Line Creek substations."
GPC_13166,13166,213,2028,GPC,True,FIRST AVENUE - NORTH COLUMBUS 115KV LINE REBUILD,FIRST AVENUE - NORTH COLUMBUS 115KV LINE REBUILD,FIRST AVENUE - NORTH COLUMBUS 115KV LINE REBUILD,2028-12-01,2028-12-01,2028-01-01,339,True,,Rebuild the 0.9 miles North Columbus - First Avenue 115kV line (currently 75C 657 ACAR) with 200C 1351 ACSS conductor.
GPC_20586,20586,214,2028,GTC,False,GTC: NORTH DUBLIN 230/115KV TRANSFORMERS AND BUS-TIE BREAKER,GTC: NORTH DUBLIN 230/115KV TRANSFORMERS AND BUS-TIE BREAKER,GTC: NORTH DUBLIN 230/115KV TRANSFORMERS AND BUS-TIE BREAKER,2028-12-01,2028-12-01,2023-11-01,340,True,,"Replace 230/115kV auto transformers A & B with (2) new 230/115kV, 400 MVA auto transformers. Replace 230kV bus tie breaker with a new 2000A breaker. Replace 115kV bus tie breaker with a new 2000A breaker."
GPC_21062,21062,208,2029,GPC,True,ASHLEY PARK-WANSLEY 500KV,ASHLEY PARK-WANSLEY 500KV,ASHLEY PARK-WANSLEY 500KV,2029-06-01,2029-06-01,2024-12-01,341,True,,"Construct a 500kV line from Ashley Park to Wansley, approximately 35 miles long."
GPC_10222,10222,216,2029,GPC,True,BLAKELY PRIMARY - HUCKLEBERRY 115KV REBUILD,BLAKELY PRIMARY - HUCKLEBERRY 115KV REBUILD,BLAKELY PRIMARY - HUCKLEBERRY 115KV REBUILD,2029-06-01,2029-06-01,2025-06-01,342,True,,Rebuild the Blakley Primary - Huckleberry 115kV line from 75C 477 ACSR to 200C 1351 ACSS. (13.5 miles) GPC: Replace jumpers at Blakely Primary GTC: Replace jumpers at Blakely and Huckleberry
GPC_21047,21047,214,2029,GPC,True,BROADWAY - ECHECONNEE 115 KV LINE REBUILD,BROADWAY - ECHECONNEE 115 KV LINE REBUILD,BROADWAY - ECHECONNEE 115 KV LINE REBUILD,2029-06-01,2029-06-01,2025-01-01,343,True,,Rebuild the Griffin Rd – Echeconnee line section of Broadway - Echeconnee line with 200C 1351 ACSS conductor.
GPC_16887,16887,213,2029,GPC,True,BUTLER - THOMASTON 230KV LINE CONVERSION,BUTLER - THOMASTON 230KV LINE CONVERSION,BUTLER - THOMASTON 230KV LINE CONVERSION,2029-06-01,2029-06-01,2025-01-01,344,True,,Rebuild the radial Thomaston - Butler 115kV line to 230kV network operation. Make all necessary upgrades and accommodations at Butler and Thomaston. Convert the Wesley substation from 115kV to 230kV.
GPC_21036,21036,201,2029,GPC,True,BUZZARD ROOST - FACTORY SHOALS 230KV NEW LINE,BUZZARD ROOST - FACTORY SHOALS 230KV NEW LINE,BUZZARD ROOST - FACTORY SHOALS 230KV NEW LINE,2029-06-01,2029-06-01,2026-06-01,345,True,,A new 2 mile 230kV line is being built from Buzzard Roost to Factory Shoals with 200C 1351 ACSS Martin conductor.
GPC_21142,21142,206,2029,GPC,True,CONYERS - KLONDIKE 230 KV SECOND LINE,CONYERS - KLONDIKE 230 KV SECOND LINE,CONYERS - KLONDIKE 230 KV SECOND LINE,2029-06-01,2029-06-01,2026-06-01,346,True,,Build a new 6.56 mile line from Conyers to Klondike with 200C (2) 1351 ACSS Martin conductor. Build one new 230kV breaker terminal at Conyers and one new 230kV terminal at Klondike.
GPC_21138,21138,206,2029,GPC,True,GLENWOOD SPRINGS - PORTERDALE PRIMARY 230KV LINE SWITCH REPL,GLENWOOD SPRINGS - PORTERDALE PRIMARY 230KV LINE SWITCH REPL,GLENWOOD SPRINGS - PORTERDALE PRIMARY 230KV LINE SWITCH REPL,2029-06-01,2029-06-01,2029-06-01,347,True,,Replace the 600A line switch at Porterdale Primary on the Glenwood Springs - Porterdale Primary 230kV Line with 1200A switch.
GPC_21112,21112,213,2029,GTC,False,GTC: BARNESVILLE PRIMARY - THOMASTON 230KV,GTC: BARNESVILLE PRIMARY - THOMASTON 230KV,GTC: BARNESVILLE PRIMARY - THOMASTON 230KV,2029-06-01,2029-06-01,2027-06-01,348,True,,Rebuild Barnesville Primary - Thomaston 230kV line (13.24 miles) with 100C 1351 ACSS; Replace 1200A switches at Barnesville Primary & Thomaston with 3000A switch; replace associated jumper at both stations.
GPC_10814,10814,202,2029,GTC,False,GTC: BAY CREEK 230/115KV SECOND AUTO TRANSFORMER,GTC: BAY CREEK 230/115KV SECOND AUTO TRANSFORMER,GTC: BAY CREEK 230/115KV SECOND AUTO TRANSFORMER,2029-06-01,2029-06-01,2028-06-01,349,True,,"Install a second 230/115kV, 400 MVA auto transformer at the Bay Creek substation."
GPC_21140,21140,214,2029,GTC,False,GTC: BONAIRE PRIMARY - EASTMAN PRIMARY 115 KV LINE REBUILD,GTC: BONAIRE PRIMARY - EASTMAN PRIMARY 115 KV LINE REBUILD,GTC: BONAIRE PRIMARY - EASTMAN PRIMARY 115 KV LINE REBUILD,2029-06-01,2029-06-01,2026-01-01,350,True,,Rebuild 41.08 miles of the Bonaire Primary - Eastman Primary 115kV Line using 200C 1351ACSS Martin and upgrade the bus at Roddy substation.
GPC_20849,20849,201,2029,GTC,False,GTC: CLIFTONDALE - LINE CREEK 230KV LINE,GTC: CLIFTONDALE - LINE CREEK 230KV LINE,GTC: CLIFTONDALE - LINE CREEK 230KV LINE,2029-06-01,2029-06-01,2026-06-01,351,True,,An 11.6 mile 230kV line is being built form Cliftondale to Line Creek with 200C 1351 ACSS Martin.
GPC_19950,19950,213,2029,GTC,False,GTC: DRESDEN - TALBOT 500KV LINE,GTC: DRESDEN - TALBOT 500KV LINE,GTC: DRESDEN - TALBOT 500KV LINE,2029-06-01,2029-06-01,2025-06-01,352,True,,GTC will build a new 500kV line from Talbot to Dresden (75 miles). This project will create a new Talbot 500/230kV substation with a 500/230kV auto transformers. The low side of the auto transformers will connect to the Talbot County #1 and #2 230kV buses.
GPC_20760,20760,202,2029,GTC,False,GTC: HOPEWELL 230/115 KV BANK A,GTC: HOPEWELL 230/115 KV BANK A,GTC: HOPEWELL 230/115 KV BANK A,2029-06-01,2029-06-01,2028-06-01,353,True,,Replace the Hopewell 230/115kV auto transformer with a 400 MVA auto transformer.
GPC_21123,21123,201,2029,GTC,False,GTC: TENASKA - WANSLEY 500KV NEW LINE,GTC: TENASKA - WANSLEY 500KV NEW LINE,GTC: TENASKA - WANSLEY 500KV NEW LINE,2029-06-01,2029-06-01,2024-12-01,354,True,,Construct a 5 mile long 500kV line between Tenaska and Wansley. Make all necessary accommodations at the substations for the line termination.
GPC_21141,21141,206,2029,GPC,True,LLOYD SHOALS - PORTERDALE PRIMARY 115KV REBUILD,LLOYD SHOALS - PORTERDALE PRIMARY 115KV REBUILD,LLOYD SHOALS - PORTERDALE PRIMARY 115KV REBUILD,2029-06-01,2029-06-01,2026-03-01,355,True,,Rebuild 15.8 miles of 50C 397.5 ACSR Ibis with 200C 1351 ACSS Martin from Jackson Lake to Lloyd Shoals and Jackson Lake to South. Covington Junction.
GPC_20285,20285,216,2029,GPC,True,LOWER RIVER - WEBB (APC) 115KV RECONDUCTOR,LOWER RIVER - WEBB (APC) 115KV RECONDUCTOR,LOWER RIVER - WEBB (APC) 115KV RECONDUCTOR,2029-06-01,2029-06-01,2025-06-01,356,True,,Reconductor 0.97 miles of 100C 636 Grosbeak Lower River - Webb 115kV line with 200C 795 ACSS Drake conductor.
GPC_19621,19621,212,2029,GPC,True,MCEVER ROAD - SHOAL CREEK 115KV REBUILD,MCEVER ROAD - SHOAL CREEK 115KV REBUILD,MCEVER ROAD - SHOAL CREEK 115KV REBUILD,2029-06-01,2029-06-01,2024-12-31,357,True,,"Rebuild the 636 ACSR (1 mile) of the McEver Road - College Square section, and 2 - 4/0 copper part (2.05 miles) of the College Square to Lakeside WTP B line section, part of the McEver Road - Shoal Creek 115kV line, using 200C 1351 ACSS conductor."
GPC_20346,20346,218,2029,GPC,True,MCMANUS - WEST BRUNSWICK 115KV REBUILD,MCMANUS - WEST BRUNSWICK 115KV REBUILD,MCMANUS - WEST BRUNSWICK 115KV REBUILD,2029-06-01,2029-06-01,2026-01-01,358,True,,"Rebuild the McManus - West Brunswick 115kV line, approximately 5.7 miles, with 200C 1351 ACSS Martin conductor."
GPC_17706,17706,214,2029,MEAG,False,MEAG: AULTMAN ROAD - FORT VALLEY #1 115 KV REBUILD,MEAG: AULTMAN ROAD - FORT VALLEY #1 115 KV REBUILD,MEAG: AULTMAN ROAD - FORT VALLEY #1 115 KV REBUILD,2029-06-01,2029-06-01,2026-06-01,359,True,,Rebuild approximately 8 miles of the Aultman Road - Fort Valley #1 115kV line with 200C 1351 ACSS conductor.
GPC_11051,11051,216,2029,MEAG,False,MEAG: SLAPPEY DRIVE - WESTOVER 115KV LINE REBUILD,MEAG: SLAPPEY DRIVE - WESTOVER 115KV LINE REBUILD,MEAG: SLAPPEY DRIVE - WESTOVER 115KV LINE REBUILD,2029-06-01,2029-06-01,2026-06-01,360,True,,Rebuild 2.92 miles of 100C sagged 477 ACSR Hawk conductor from Slappey Drive to Albany #9 with 1351 ACSR.
GPC_20757,20757,202,2029,GPC,True,NORCROSS - NORTH DRUID HILLS 115KV REBUILD,NORCROSS - NORTH DRUID HILLS 115KV REBUILD,NORCROSS - NORTH DRUID HILLS 115KV REBUILD,2029-06-01,2029-06-01,2025-01-01,361,True,,"Rebuild the Norcross - Norcross Junction (674) segment, approximately 3.9 miles, from 100C 477 ACSR Hawk conductor to 200C 1351 ACSS ""Martin"" conductor."
GPC_21006,21006,219,2029,SAV,True,SAV: BOULEVARD - MAGNOLIA 115 KV LINE REBUILD,SAV: BOULEVARD - MAGNOLIA 115 KV LINE REBUILD,SAV: BOULEVARD - MAGNOLIA 115 KV LINE REBUILD,2029-06-01,2029-06-01,2027-01-01,362,True,,Rebuild the entire line from Boulevard to Magnolia (4.56 miles) from 100C 795 ACSR Drake to 200C 1351 ACSS Martin
GPC_21023,21023,219,2029,SAV,True,SAV: DEAN FOREST - LITTLE OGEECHEE 230 KV REBUILD,SAV: DEAN FOREST - LITTLE OGEECHEE 230 KV REBUILD,SAV: DEAN FOREST - LITTLE OGEECHEE 230 KV REBUILD,2029-06-01,2029-06-01,2026-01-01,363,True,,"Rebuild the entire line from Little Ogeechee - Salt Creek and Salt Creek - Dean Forest, approximately 8 miles, using 200C 1351 ACSS/Martin. Upgrade jumpers at the Little Ogeechee terminal."
GPC_20989,20989,219,2029,SAV,True,SAV: RICE HOPE NEW AUTO TRANSFORMER,SAV: RICE HOPE NEW AUTO TRANSFORMER,SAV: RICE HOPE NEW AUTO TRANSFORMER,2029-06-01,2029-06-01,2025-06-01,364,True,,Install a new 230/115kV 400MVA auto transformer at Rice Hope and loop in the Crossgate - McIntosh 230kV line.
GPC_13628,13628,216,2029,GPC,True,SOUTH BAINBRIDGE - SINAI (FPL) 115KV LINE RECONDUCTOR,SOUTH BAINBRIDGE - SINAI (FPL) 115KV LINE RECONDUCTOR,SOUTH BAINBRIDGE - SINAI (FPL) 115KV LINE RECONDUCTOR,2029-06-01,2029-06-01,2025-06-01,365,True,,Rebuild the Four Mile tap - Recovery - Sinai (FPL) segment of the Sinai (FPL) - South Bainbridge 115kV line from 100C 336.4 ACSR to 200C 1351 ACSS. 9.8 miles in FPL and 13.75 miles in GPC At Recovery (GTC): Replace 100C 336.4 ACSR string bus with higher rating and jumpers with (1) 1590 AAC At Sinai (FPL): Replace 100C 336.4 ACSR string bus with higher rating
GPC_20248,20248,202,2029,GPC,True,BAY CREEK - CONYERS 230KV REBUILD,BAY CREEK - CONYERS 230KV REBUILD,BAY CREEK - CONYERS 230KV REBUILD,2029-12-31,2029-12-31,2031-06-01,366,True,,"GPC will rebuild the Bay Creek - Conyers 230kV line, approximately 15.29 miles, using 200C 1351 ACSS ""Martin"" conductor."
GPC_21129,21129,211,2030,GPC,True,ANNISTON - HAMMOND 230KV LINE,ANNISTON - HAMMOND 230KV LINE,ANNISTON - HAMMOND 230KV LINE,2030-06-01,2030-06-01,2025-06-01,367,True,,Rebuild the 28.12 miles section between Hammond and the Goshen tap with 200C 1351 ACSS Martin conductor.
GPC_20764,20764,201,2030,GPC,True,ATKINSON - NORTHSIDE DRIVE 115KV REBUILD,ATKINSON - NORTHSIDE DRIVE 115KV REBUILD,ATKINSON - NORTHSIDE DRIVE 115KV REBUILD,2030-06-01,2030-06-01,2027-06-01,368,True,,"Rebuild a portion of the Atkinson - Northside 115kV line, approximately 3.2 miles from Atkinson to Chattahoochee with 200C 1351 ACSS Martin."
GPC_20761,20761,201,2030,GPC,True,ATKINSON - NORTHWEST 115KV REBUILD,ATKINSON - NORTHWEST 115KV REBUILD,ATKINSON - NORTHWEST 115KV REBUILD,2030-06-01,2030-06-01,2027-06-01,369,True,,Rebuild the 1.2 mile Atkinson - Tilford Yards section of the Atkinson - Northwest 115kV with 200C 1351 ACSS Martin.
GPC_21130,21130,212,2030,GPC,True,CC - NORTH GEORGIA DATA NETWORK UPGRADES,CC - NORTH GEORGIA DATA NETWORK UPGRADES,CC - NORTH GEORGIA DATA NETWORK UPGRADES,2030-06-01,2030-06-01,2026-06-01,370,True,,Construct approximately 7 miles of 115kV line with minimum 170C 1351 ACSS conductor from Gillsville Tap Junction to Midway. Utilize the existing GPC owned North Jackson - Lawrence Smith 46kV ROW that is to be retired. Disconnect the East Maysville 115kV tap at Midway 115kV and terminate the new Pond Fork - Midway 115kV line.
GPC_10478,10478,212,2030,GPC,True,CORNELIA - TALLULAH LODGE 115KV REBUILD,CORNELIA - TALLULAH LODGE 115KV REBUILD,CORNELIA - TALLULAH LODGE 115KV REBUILD,2030-06-01,2030-06-01,2027-06-01,371,True,,Rebuild approximately 9.7 miles of the Cornelia - Chase Road - Clarksville - Hollywood segments of the Cornelia - Tallulah Lodge 115kV line with 200C 795 ACSS conductor.
GPC_18669,18669,212,2030,DU,False,DU: DAWSON CROSSING - NELSON (WHITE) 115 KV REBUILD,DU: DAWSON CROSSING - NELSON (WHITE) 115 KV REBUILD,DU: DAWSON CROSSING - NELSON (WHITE) 115 KV REBUILD,2030-06-01,2030-06-01,2024-12-31,372,True,,Rebuild approximately 15.7 miles of the Dawson Crossing - Etowah - Reavis Mountain - Nelson sections of the Dawson Crossing - Nelson (White) 115kV line with 1351 ACSS conductor. GPC will make any necessary relaying changes at Dawson Crossing.
GPC_21097,21097,201,2030,GPC,True,EAST POINT - TRIBUTARY 230KV REBUILD,EAST POINT - TRIBUTARY 230KV REBUILD,EAST POINT - TRIBUTARY 230KV REBUILD,2030-06-01,2030-06-01,2027-06-01,373,True,,Rebuild the 2.9 mile section from Cavender Drive to Marietta 25 with 200C 1351 ACSS conductor on the East Point - Tributary 230kV line.
GPC_20480,20480,208,2030,GPC,True,EAST POINT - UNION CITY 230KV BLACK LINE RECONDUCTOR,EAST POINT - UNION CITY 230KV BLACK LINE RECONDUCTOR,EAST POINT - UNION CITY 230KV BLACK LINE RECONDUCTOR,2030-06-01,2030-06-01,2028-06-01,374,True,,Reconductor the 1.5 mile section from Flat Shoals Road station to the Stonewall Tell loop - in point on the East Point - Union City 230kV Black line with 200C 1351 ACSS Martin conductor. Replace limiting elements at Union City
GPC_19627,19627,214,2030,GPC,True,ECHECONNEE-WELLSTON 115KV LINE REBUILD,ECHECONNEE-WELLSTON 115KV LINE REBUILD,ECHECONNEE-WELLSTON 115KV LINE REBUILD,2030-06-01,2030-06-01,2023-06-01,375,True,,Rebuild approximately 11.8 miles of the Echeconnee - Wellston 115kV line with 200C 1351 ACSS conductor and the limiting elements along the line with higher ratings. Replace the Bus at North Warner Robins with 1590 AAC.
GPC_21063,21063,216,2030,GPC,True,FARLEY (APC)-TAZEWELL 500KV,FARLEY (APC)-TAZEWELL 500KV,FARLEY (APC)-TAZEWELL 500KV,2030-06-01,2030-06-01,2024-12-01,376,True,,"Construct a new 500kV line from Farley (APC) to Tazewell substation, approximately 120 miles long. Construct a 5 breaker 500kV ring bus to loop in the Blacksmith - Talbot 500kV line, terminate the new Farley - Tazewell 500kV and Talbot #2 - Tazewell 500kV lines. Install a 500/230kV auto transformer to connect to the existing 230kV switchyard."
GPC_12120,12120,212,2030,GPC,True,GAINESVILLE #2 - MCEVER ROAD 115 KV REBUILD,GAINESVILLE #2 - MCEVER ROAD 115 KV REBUILD,GAINESVILLE #2 - MCEVER ROAD 115 KV REBUILD,2030-06-01,2030-06-01,2025-12-31,377,True,,Rebuild approximately 5.3 miles of the Gainesville #2 - McEver Rd 115kV line with 200C 1351 ACSS conductor.
GPC_20298,20298,214,2030,GPC,True,GLENWOOD SPRINGS - LAKE OCONEE 115KV LINE REBUILD,GLENWOOD SPRINGS - LAKE OCONEE 115KV LINE REBUILD,GLENWOOD SPRINGS - LAKE OCONEE 115KV LINE REBUILD,2030-06-01,2030-06-01,2027-06-01,378,True,,Rebuild the North Eatonton Junction - Putnam Sawmill Junction line with 200C 1351 ACSS conductor.
GPC_21128,21128,213,2030,GPC,True,GOAT ROCK REACTORS INSTALLATION,GOAT ROCK REACTORS INSTALLATION,GOAT ROCK REACTORS INSTALLATION,2030-06-01,2030-06-01,2028-06-01,379,True,,Install 1% series reactors on the Fortson - Goat Rock (Black) 230kV and Fortson - Goat Rock (White) 230kV.
GPC_19996,19996,215,2030,GPC,True,GOLDENS CREEK - WARRENTON PRIMARY 230KV REBUILD,GOLDENS CREEK - WARRENTON PRIMARY 230KV REBUILD,GOLDENS CREEK - WARRENTON PRIMARY 230KV REBUILD,2030-06-01,2030-06-01,2028-06-01,380,True,,Rebuild approximately 0.34 miles of the Goldens Creek - Warrenton Primary 230kV line from 100C 1 - 1351.5 ACSR Martin conductor to 200C 1351 ACCR Martin conductor or equivalent.
GPC_20428,20428,214,2030,GPC,True,GORDON-SANDERSVILLE #1 115KV LINE REBUILD (DEEPSTEP-SAND #6),GORDON-SANDERSVILLE #1 115KV LINE REBUILD (DEEPSTEP-SAND #6),GORDON-SANDERSVILLE #1 115KV LINE REBUILD (DEEPSTEP-SAND #6),2030-06-01,2030-06-01,2023-12-01,381,True,,"Rebuild the Deepstep - Robins Spring (7.6 miles) Robins Spring - Kaolin J (2.23mi), and Kaolin J - Sandersville #6 (0.66 miles) line sections of the Gordon - Sandersville #1 115kV line. Rebuild a total of 10.49 miles from 100C 336 ACSR to 100C ACSR 795 conductor."
GPC_21116,21116,215,2030,GPC,True,GOSHEN AREA STRATEGIC SOLUTION,GOSHEN AREA STRATEGIC SOLUTION,GOSHEN AREA STRATEGIC SOLUTION,2030-06-01,2030-06-01,2025-06-01,382,True,,"Construct a 230kV switching station on the Waynesboro - Wilson 230kV line and a new 230kV line between the switching station and Goshen, approximately 12.3 miles. Provides an alternate power flow path into Goshen outside of the existing constrained Goshen - Vogtle corridor."
GPC_21073,21073,208,2030,GTC,False,GTC: BIG SMARR - TOMOCHICHI 500KV,GTC: BIG SMARR - TOMOCHICHI 500KV,GTC: BIG SMARR - TOMOCHICHI 500KV,2030-06-01,2030-06-01,2024-12-01,383,True,,"Construct a 500kV line from Big Smarr to Tomochichi, approximately 36 miles long. Make the necessary modifications at Big Smarr and Tomochichi to add breakers and terminate the line."
GPC_21014,21014,201,2030,GTC,False,GTC: BUZZARD ROOST - CAVENDER DRIVE 230KV NEW LINE,GTC: BUZZARD ROOST - CAVENDER DRIVE 230KV NEW LINE,GTC: BUZZARD ROOST - CAVENDER DRIVE 230KV NEW LINE,2030-06-01,2030-06-01,2026-06-01,384,True,,GTC is building a new 7 mile 230kV line from Cavender Drive to Buzzard Roost with 200C 1351 ACSS Martin.
GPC_21013,21013,201,2030,GTC,False,GTC: CAVENDER DRIVE 500/230KV AUTOBANK,GTC: CAVENDER DRIVE 500/230KV AUTOBANK,GTC: CAVENDER DRIVE 500/230KV AUTOBANK,2030-06-01,2030-06-01,2026-06-01,385,True,,"GTC will turn Cavender Drive into a 500/230kV station looping in the Villa Rica - Union City 500kV line, installing a 2016 MVA auto transformer."
GPC_20375,20375,212,2030,GTC,False,GTC: EAST WATKINSVILLE 230 KV STATION MODIFICATION,GTC: EAST WATKINSVILLE 230 KV STATION MODIFICATION,GTC: EAST WATKINSVILLE 230 KV STATION MODIFICATION,2030-06-01,2030-06-01,2028-06-01,386,True,,Replace the 1600A reactors at East Watkinsville on the Russell Dam 230kV line with larger size.
GPC_21111,21111,212,2030,GTC,False,GTC: HARTWELL DAM - HARTWELL ENERGY 230KV SERIES REACTORS,GTC: HARTWELL DAM - HARTWELL ENERGY 230KV SERIES REACTORS,GTC: HARTWELL DAM - HARTWELL ENERGY 230KV SERIES REACTORS,2030-06-01,2030-06-01,2027-06-01,228,True,,GTC: Replace the 1600A series reactors on the Hartwell Dam - Hartwell Energy 230kV line with 3000A.
GPC_21113,21113,212,2030,GTC,False,GTC: HARTWELL ENERGY - MIDDLE FORK 230KV LINE,GTC: HARTWELL ENERGY - MIDDLE FORK 230KV LINE,GTC: HARTWELL ENERGY - MIDDLE FORK 230KV LINE,2030-06-01,2030-06-01,2027-06-01,229,True,,"Construct a new 230kV line, approx. 35 miles, from Hartwell Energy to Middle Fork with 200C (2) 1351 ACSS conductor. GTC: Expand Hartwell Energy 230kV and Middle Fork 230kV as necessary to install breakers to accept new line termination."
GPC_21131,21131,212,2030,GTC,False,GTC: POND FORK - MIDWAY 115KV LINE,GTC: POND FORK - MIDWAY 115KV LINE,GTC: POND FORK - MIDWAY 115KV LINE,2030-06-01,2030-06-01,2026-06-01,387,True,,"GTC: Construct approximately 6 miles of 115kV line with minimum 170C 1351 ACSS conductor from Gillsville Tap Junction to Pond Fork, utilizing the existing GTC owned portion of the North Jackson - Lawrence Smith 46kV ROW. At Pond Fork, install a second 230/115kV 400MVA auto transformer and terminate the Pond Fork - Midway 115kV line."
GPC_21077,21077,214,2030,GTC,False,GTC: ROCKVILLE - TIGER CREEK -WARTHEN 500KV LINES,GTC: ROCKVILLE - TIGER CREEK -WARTHEN 500KV LINES,GTC: ROCKVILLE - TIGER CREEK -WARTHEN 500KV LINES,2030-06-01,2030-06-01,2024-12-01,388,True,,"Build the new 500kV line from Rockville to Tiger Creek and Tiger Creek to Warthen, approximately 20 miles and 9 miles long respectively. Build a 500kV yard at Tiger Creek and install a 500/230kV auto transformer. Make all necessary accommodations at Warthen and Rockville for the new 500kV breakers."
GPC_21076,21076,216,2030,GTC,False,GTC: TALBOT #2 - TAZEWELL 500KV LINE,GTC: TALLBOT #2 - TAZEWELL 500KV LINE,GTC: TALBOT #2 - TAZEWELL 500KV LINE,2030-06-01,2030-06-01,2024-12-01,389,True,,"Build a new 500kV line from Tazewell to Talbot #2, approximately 20 miles. Make all necessary accommodations at Tazewell and Talbot #2 for the new 500kV breakers and line termination."
GPC_21094,21094,214,2030,GTC,False,GTC: TIGER CREEK-ROCKVILLE-NORTH SPA 230KV PROJECT,GTC: TIGER CREEK- ROCKVILLE-NORTH SPA 230KV PROJECT,GTC: TIGER CREEK-ROCKVILLE-NORTH SPA 230KV PROJECT,2030-06-01,2030-06-01,2025-01-01,390,True,,Build a new 4 - breaker 230kV ring bus at Rockville substation (no auto transformer to be added at this time). Loop in the Eatonton Primary #2 - Wallace Dam 230kV line. Build a new line 230kV line to Tiger Creek. Build a new 230kV line to North Spa.
GPC_20789,20789,212,2030,GPC,True,JEFFERSON ROAD - WINDER PRIMARY 115KV REBUILD,JEFFERSON ROAD - WINDER PRIMARY 115KV REBUILD,JEFFERSON ROAD - WINDER PRIMARY 115KV REBUILD,2030-06-01,2030-06-01,2025-06-01,391,True,,Rebuild approximately 11 miles of the Jefferson Road - Russell - Richardson Street Junction segments of the Jefferson Road - Winder Primary 115kV line with 200C 1351 ACSS Martin conductor.
GPC_20284,20284,216,2030,GPC,True,KETTLE CREEK PRIMARY - PINE GROVE PRIMARY 115KV REBUILD,KETTLE CREEK PRIMARY - PINE GROVE PRIMARY 115KV REBUILD,KETTLE CREEK PRIMARY - PINE GROVE PRIMARY 115KV REBUILD,2030-06-01,2030-06-01,2026-06-02,392,True,,Rebuild approximately 38.04 miles of 50C 4/0 ACSR conductor from the Pine Grove to the Pearson tap using 200C 1351 ACSS conductor.
GPC_21118,21118,215,2030,MEAG,False,MEAG: ATHENA - WARRENTON 230KV CONVERSION,MEAG: ATHENA - WARRENTON 230KV CONVERSION,MEAG: ATHENA - WARRENTON 230KV CONVERSION,2030-06-01,2030-06-01,2025-06-01,393,True,,"Reconductor/rebuild and convert the 115kV lines from Athena - Union Point - Ray Place Road - Warrenton Primary to 230kV operation. Expand Athena 230kV bus for new line termination, construct 230kV bus at Union Point, and expand 230kV bus at Warrenton Primary for new line termination. Install 230/115kV auto transformers at Union Point Primary and Ray Place Road. Replace limiting network equipment at substations along the line."
GPC_20857,20857,201,2030,GPC,True,NEW CAVENDER DRIVE - TRIBUTARY 230KV LINE,NEW CAVENDER DRIVE - TRIBUTARY 230KV LINE,NEW CAVENDER DRIVE - TRIBUTARY 230KV LINE,2030-06-01,2030-06-01,2026-06-01,394,True,,Build a new 4 mile 230kV line from Cavender Drive to Tributary with 200C 1351 ACSS Martin.
GPC_21093,21093,214,2030,GPC,True,NORTH SPA 230KV STRATEGIC PROJECT,NORTH SPA 230KV STRATEGIC PROJECT,NORTH SPA 230KV STRATEGIC PROJECT,2030-06-01,2030-06-01,2025-01-01,395,True,,This project includes the following scope of work: Build a new 230kV switching station north of Oasis in a ring bus configuration with 4 - breakers. Loop in the East Social Circle - Oasis (White) 230kV line. Build a new 230kV line to Cornish Mountain from North Spa. New 230kV line from Rockville 230kV will terminate in this station.
GPC_19995,19995,212,2030,GPC,True,TALLULAH LODGE - TOCCOA 115 KV REBUILD,TALLULAH LODGE - TOCCOA 115 KV REBUILD,TALLULAH LODGE - TOCCOA 115 KV REBUILD,2030-06-01,2030-06-01,2025-12-31,396,True,,Rebuild the Tallulah Lodge - Toccoa 115kV Line with 100C 795 ACSR conductor (total of 10.3 miles). Replace limiting elements at Tallulah Lodge and Toccoa.
GPC_21098,21098,201,2030,GPC,True,TRIBUTARY - THORNTON RD 230KV REBUILD,TRIBUTARY - THORNTON RD 230KV REBUILD,TRIBUTARY - THORNTON RD 230KV REBUILD,2030-06-01,2030-06-01,2027-06-01,397,True,,Rebuild the 2.8 mile Tributary - Thornton Road 230kV line with 200C 1351 ACSS Martin.
GPC_20160,20160,213,2030,GPC,True,THOMASTON 230 NEW BUILD SUB,THOMASTON 230 NEW BUILD SUB,THOMASTON 230 NEW BUILD SUB,2030-11-01,2030-11-01,2026-01-01,398,True,,Replace Thomaston 230/115kV 285MVA auto transformers C and D with 400MVA auto transformers. Install high side breakers to meet the 230kV bus differential standards and redesign 230kV bus to a breaker and a half configuration.
GPC_18848,18848,216,2030,GPC,True,"BAINBRIDGE TRANSMISSION: EAST RIVER ROAD, EAST BAINBRIDGE","BAINBRIDGE TRANSMISSION: EAST RIVER ROAD, EAST BAINBRIDGE","BAINBRIDGE TRANSMISSION: EAST RIVER ROAD, EAST BAINBRIDGE",2030-12-31,2030-12-31,2023-06-01,399,True,,"This project will construct a new 115kV breaker and a half substation a mile north of the East Bainbridge substation. East Bainbridge will be simplified to a 115kV straight bus with two transmission lines for service to load, a generation interconnection point and a capacitor bank."
GPC_19626,19626,214,2030,GPC,True,GLENWOOD SPRINGS 115KV CAP BANK,GLENWOOD SPRINGS 115KV CAP BANK,GLENWOOD SPRINGS 115KV CAP BANK,2030-12-31,2030-12-31,2028-01-01,400,True,,Install a 115kV two stage 30MVAR capacitor bank at Glenwood Springs substation.
GPC_20690,20690,208,2031,GPC,True,EAST POINT - UNION CITY (WHITE) 230KV REBUILD,EAST POINT - UNION CITY (WHITE) 230KV REBUILD,EAST POINT - UNION CITY (WHITE) 230KV REBUILD,2031-05-01,2031-05-01,2028-06-01,401,True,,Rebuild 5.49 miles of 100C 1590.0 ACSR Lapwing with 200C 1351.5 ACSS Martin 230kV line from Welcome All to Union City on the East Point - Union City 230kV line.
GPC_19632,19632,202,2031,GPC,True,AVERY - HOPEWELL 115KV RECONDUCTOR,AVERY - HOPEWELL 115KV RECONDUCTOR,AVERY - HOPEWELL 115KV RECONDUCTOR,2031-06-01,2031-06-01,2028-01-01,402,True,,Reconductor the Hopewell to Birmingham line section (approximately 3.3 miles) on the Avery - Hopewell 115kV line with 100C 1033 ACSR conductor. Replace jumper at Birmingham with 1590 AAC jumper.
GPC_10811,10811,211,2031,GPC,True,BOWEN #10 500/230KV AUTOBANK REPLACEMENT,BOWEN #10 500/230KV AUTOBANK REPLACEMENT,BOWEN #10 500/230KV AUTOBANK REPLACEMENT,2031-06-01,2031-06-01,2025-06-01,403,True,,Replace the existing Bowen #10 1350 MVA 500/230kV auto transformer with a 2016 MVA 500/230kV auto transformer.
GPC_20756,20756,215,2031,GPC,True,HATCH - WADLEY 500 KV LINE STRATEGIC PROJECT,HATCH - WADLEY 500 KV LINE STRATEGIC PROJECT,HATCH - WADLEY 500 KV LINE STRATEGIC PROJECT,2031-06-01,2031-06-01,2024-07-03,404,True,,Construct a new 500kV line from Hatch - Wadley Primary.
GPC_21099,21099,214,2031,MEAG,False,MEAG: PIO NONO 230/115KV AREA SOLUTION,MEAG: PIO NONO 230/115KV AREA SOLUTION,MEAG: PIO NONO 230/115KV AREA SOLUTION,2031-06-01,2031-06-01,2025-01-01,405,True,,"Build a 4 - breaker 230kV ring bus to terminate lines from Dorsett, South Griffin, and Big Grocery. Install a 400MVA auto transformer and build a 115kV yard to terminate a line from Broadway. Make all necessary modifications to accommodate all the 230kV and 115kV lines terminations."
GPC_21114,21114,213,2032,MEAG,False,MEAG: SOUTH GRIFFIN 230/115KV BANK #5,MEAG: SOUTH GRIFFIN 230/115KV BANK #5,MEAG: SOUTH GRIFFIN 230/115KV BANK #5,2032-06-01,2032-06-01,2030-06-01,406,True,,Replace 230/115kV 285MVA auto transformer #5 with 230/115kV 400MVA auto transformer at South Griffin.
GPC_20784,20784,219,2032,SAV,True,SAV: COLEMAN - MELDRIM 115KV LINE REBUILD,SAV: COLEMAN - MELDRIM 115KV LINE REBUILD,SAV: COLEMAN - MELDRIM 115KV LINE REBUILD,2032-06-01,2032-06-01,2029-06-01,407,True,,Rebuild 3 miles of the Coleman - Meldrim 115kV line from Four Lakes to Meldrim with 200C 1351 ACSS.
GPC_20767,20767,214,2033,GPC,True,ARKWRIGHT BUS AND JUMPER REPLACEMENT,ARKWRIGHT BUS AND JUMPER REPLACEMENT,ARKWRIGHT BUS AND JUMPER REPLACEMENT,2033-06-01,2033-06-01,2029-06-01,408,True,,Replace the 115kV bus at Arkwright with higher rating and replace the jumper on the Arkwright - Forrest Rd (Macon) 115kV line with at least 1590AAC.
GPC_20758,20758,202,2033,GPC,True,BAY CREEK - CONYERS 230KV LIMITING ELEMENT REPLACEMENT,BAY CREEK - CONYERS 230KV LIMITING ELEMENT REPLACEMENT,BAY CREEK - CONYERS 230KV LIMITING ELEMENT REPLACEMENT,2033-06-01,2033-06-01,2031-06-01,409,True,,"Replace equipment such as jumpers, switches, and traps at the Bay Creek, Rockdale, and Conyers substations with equipment capable of carrying 3000A."
GPC_20793,20793,215,2033,GPC,True,EVANS PRIMARY - THURMOND DAM (USA) #5 115KV REBUILD,EVANS PRIMARY - THURMOND DAM (USA) #5 115KV REBUILD,EVANS PRIMARY - THURMOND DAM (USA) #5 115KV REBUILD,2033-06-01,2033-06-01,2029-06-01,410,True,,Rebuild approximately 5.45 miles of Euchee Creek - Thurmond Dam segment of the Evans Primary - Thurmond Dam (USA) #5 115kV line with 200C 1351 ACSS Martin conductor. Replace the main bus with a larger element at Thurmond Dam (USA).
GPC_20794,20794,215,2033,GPC,True,EVANS PRIMARY - THURMOND DAM (USA) #6 115KV REBUILD,EVANS PRIMARY - THURMOND DAM (USA) #6 115KV REBUILD,EVANS PRIMARY - THURMOND DAM (USA) #6 115KV REBUILD,2033-06-01,2033-06-01,2030-06-01,411,True,,Rebuild approximately 8.9 miles of the Evans Primary - Thurmond Dam (USA) #6 115kV line with 200C 1351 ACSS Martin conductor. Replace the main bus with a larger element at Thurmond Dam (USA).
GPC_12217,12217,212,2033,GTC,False,GTC: CENTER PRIMARY - CLARKSBORO 230 KV REBUILD,GTC: CENTER PRIMARY - CLARKSBORO 230 KV REBUILD,GTC: CENTER PRIMARY - CLARKSBORO 230 KV REBUILD,2033-06-01,2033-06-01,2028-06-01,412,True,,GTC to rebuild the Center Primary – Clarksboro Primary 230kV line (approx. 8.3 miles) with 200C 1351 ACSS conductor.
GPC_20773,20773,212,2033,GTC,False,GTC: CLARKSBORO - WINDER PRIMARY 230KV REBUILD,GTC: CLARKSBORO - WINDER PRIMARY 230KV REBUILD,GTC: CLARKSBORO - WINDER PRIMARY 230KV REBUILD,2033-06-01,2033-06-01,2029-06-01,413,True,,Rebuild approximately 14 miles of the Clarksboro - Winder 230kV line with 200C 1351 ACSS conductor.
GPC_12147,12147,212,2033,GTC,False,GTC: EAST SOCIAL CIRCLE - SNELLVILLE 230KV EQUIPMENT UPGRADE,GTC: EAST SOCIAL CIRCLE - SNELLVILLE 230KV EQUIPMENT UPGRADE,GTC: EAST SOCIAL CIRCLE - SNELLVILLE 230KV EQUIPMENT UPGRADE,2033-06-01,2033-06-01,2030-06-01,414,True,,"Replace the 1200A switches at Snellville Primary with 3000A. Also, replace the 1200A line trap and switches at East Social Circle with 3000A on the East Social Circle - Snellville 230kV line."
GPC_21075,21075,212,2033,GTC,False,GTC: EAST WALTON - MIDDLE FORK 500KV,GTC: EAST WALTON - MIDDLE FORK 500KV,GTC: EAST WALTON - MIDDLE FORK 500KV,2033-06-01,2033-06-01,2024-12-01,415,True,,"Construct a new 500kV line from East Walton to Middle Fork, approximately 45 miles long. Make all necessary accommodations for new 500kV breakers at East Walton and Middle Fork substations."
GPC_20791,20791,212,2033,GTC,False,GTC: SHOAL CREEK - SOUTH HALL 230KV REBUILD,GTC: SHOAL CREEK - SOUTH HALL 230KV REBUILD,GTC: SHOAL CREEK - SOUTH HALL 230KV REBUILD,2033-06-01,2033-06-01,2029-06-01,416,True,,"Rebuild approximately 7.9 miles of South Hall - Chestnut Mountain - Spout Springs Road segments of the Shoal Creek - South Hall 230kV line with 200C 1351 ACSS conductor. Also, replace 1 - AAC 1590 jumpers at South Hall with 2 - AAC 1590."
GPC_21053,21053,212,2033,GPC,True,MCEVER ROAD - SHOAL CREEK 115KV REBUILD,MCEVER ROAD - SHOAL CREEK 115KV REBUILD PHASE III,MCEVER ROAD - SHOAL CREEK 115KV REBUILD,2033-06-01,2033-06-01,2030-06-01,417,True,,"Rebuild the 2 - 4/0 copper part (approximately 2.9 miles) of the Gainesville Ferry - Lakeside WTP A line section, part of the McEver Road - Shoal Creek 115kV line, using 200C 1351 ACSS conductor."
GPC_09661,09661,212,2033,GPC,True,MCGRAU FORD - MIDDLE FORK 500KV LINE PROJECT,MCGRAU FORD - MIDDLE FORK 500KV LINE PROJECT,MCGRAU FORD - MIDDLE FORK 500KV LINE PROJECT,2033-06-01,2033-06-01,2026-06-01,418,True,,Construct a new approximately 64 mile 500kV line from McGrau Ford to Middle Fork.
GPC_20796,20796,219,2033,SAV,True,SAV: MELDRIM BANK D REPLACEMENT,SAV: MELDRIM BANK D REPLACEMENT,SAV: MELDRIM BANK D REPLACEMENT,2033-06-01,2033-06-01,2030-06-01,419,True,,Replace 300 MVA 230/115kV Bank D with 400 MVA Bank.
GPC_14222,14222,215,2033,GPC,True,THOMSON PRIMARY 230/115KV SECOND TRANSFORMER,THOMSON PRIMARY 230/115KV SECOND TRANSFORMER,THOMSON PRIMARY 230/115KV SECOND TRANSFORMER,2033-06-01,2033-06-01,2025-08-01,420,True,,"Install a second 400 MVA, 230/115kV auto transformer at Thomson Primary substation."
GPC_20759,20759,202,2033,GPC,True,WINDER PRIMARY 230KV BUS 1-2 PARALLEL BUS-TIE INSTALLATION,WINDER PRIMARY 230KV BUS 1-2 PARALLEL BUS-TIE INSTALLATION,WINDER PRIMARY 230KV BUS 1-2 PARALLEL BUS-TIE INSTALLATION,2033-06-01,2033-06-01,2031-06-01,421,True,,Install a 2nd 230kV bus - tie breaker at the Winder Primary Station.
GPC_10487,10487,216,2033,GPC,True,PINE GROVE PRIMARY - WEST VALDOSTA 115 KV RECONDUCTOR,PINE GROVE PRIMARY - WEST VALDOSTA 115 KV RECONDUCTOR,PINE GROVE PRIMARY - WEST VALDOSTA 115 KV RECONDUCTOR,2033-12-31,2033-12-31,2029-12-31,422,True,,Rebuild 3.7 miles of 100C 4/0 ACSR conductor with 200C 795 ACSS Drake on the Bemis - Pine Grove Primary section of the Pine Grove Primary - West Valdosta 115kV line.
GPC_18700,18700,212,2034,GPC,True,DAWSON CROSSING - GAINESVILLE #1 115 KV,DAWSON CROSSING - GAINESVILLE #1 115 KV,DAWSON CROSSING - GAINESVILLE #1 115 KV,2034-06-01,2034-06-01,2032-06-01,423,True,,"Replace the 500CU main bus at Gainesville #1 115kV with 3"" Sch 40 AL Tube."
GPC_20787,20787,219,2034,SAV,True,SAV: LITTLE OGEECHEE 230/115KV BANK REPLACEMENT,SAV: LITTLE OGEECHEE 230/115KV BANK REPLACEMENT,SAV: LITTLE OGEECHEE 230/115KV BANK REPLACEMENT,2034-06-01,2034-06-01,2030-06-01,424,True,,Replace SATX 280MVA auto transformer with 400MVA auto transformer.
GPC_17993,17993,215,2034,GPC,True,EVANS PRIMARY - THOMSON PRIMARY 115KV REBUILD,EVANS PRIMARY - THOMSON PRIMARY 115KV REBUILD,EVANS PRIMARY - THOMSON PRIMARY 115KV REBUILD,2034-12-31,2034-12-31,2031-01-01,425,True,,"Rebuild the existing 100C 336 ACSR conductor for the Thomson Primary to Pumpkin Center 115kV line section (approximately 5.28 miles), part of the Evans Primary - Thomson Primary 115kV line with 200C 1351 ACSS Martin conductor."
